=== 1000回の平均計測を開始します ===

--- 実行 1 / 1000 ---
--- プレラン（事前学習）を開始: 15 イテレーション ---
プレラン完了。計算された固定クリッピング閾値 C = 0.106014

=== 実験開始 (A:DP, B:Baseline, C:CKKS) ===
Iter 01 | Loss A:0.2737 B:0.2445 C:0.2785 | ε:0.4916 | Dist(BC):0.0652
Iter 05 | Loss A:0.2317 B:0.2072 C:0.2763 | ε:0.3786 | Dist(BC):0.1792
Iter 10 | Loss A:0.2216 B:0.2003 C:0.2722 | ε:0.3224 | Dist(BC):0.2213
Iter 15 | Loss A:0.2097 B:0.1990 C:0.2675 | ε:0.2904 | Dist(BC):0.2321
Iter 20 | Loss A:0.2107 B:0.1986 C:0.2657 | ε:0.2996 | Dist(BC):0.2372
Iter 25 | Loss A:0.2068 B:0.1984 C:0.2659 | ε:0.3084 | Dist(BC):0.2424
Iter 30 | Loss A:0.2075 B:0.1984 C:0.2627 | ε:0.3087 | Dist(BC):0.2387
Iter 35 | Loss A:0.2067 B:0.1983 C:0.2586 | ε:0.3204 | Dist(BC):0.2329
Iter 40 | Loss A:0.2069 B:0.1983 C:0.2554 | ε:0.3000 | Dist(BC):0.2279
Iter 45 | Loss A:0.2080 B:0.1983 C:0.2547 | ε:0.2803 | Dist(BC):0.2278
Iter 50 | Loss A:0.2032 B:0.1983 C:0.2527 | ε:0.2698 | Dist(BC):0.2250
Iter 55 | Loss A:0.2011 B:0.1983 C:0.2510 | ε:0.2470 | Dist(BC):0.2220
Iter 60 | Loss A:0.2028 B:0.1983 C:0.2506 | ε:0.2691 | Dist(BC):0.2206
Iter 65 | Loss A:0.2028 B:0.1983 C:0.2510 | ε:0.2700 | Dist(BC):0.2215
Iter 70 | Loss A:0.2019 B:0.1983 C:0.2497 | ε:0.2609 | Dist(BC):0.2187
Iter 75 | Loss A:0.2013 B:0.1983 C:0.2489 | ε:0.2768 | Dist(BC):0.2172
Iter 80 | Loss A:0.1996 B:0.1983 C:0.2483 | ε:0.3073 | Dist(BC):0.2159
Iter 85 | Loss A:0.2003 B:0.1983 C:0.2479 | ε:0.2920 | Dist(BC):0.2153
Iter 90 | Loss A:0.2011 B:0.1983 C:0.2468 | ε:0.2967 | Dist(BC):0.2129
Iter 95 | Loss A:0.2016 B:0.1983 C:0.2457 | ε:0.2998 | Dist(BC):0.2104
Iter 100 | Loss A:0.2021 B:0.1983 C:0.2452 | ε:0.2865 | Dist(BC):0.2095

--- 実行 2 / 1000 ---
--- プレラン（事前学習）を開始: 15 イテレーション ---
プレラン完了。計算された固定クリッピング閾値 C = 0.106014

=== 実験開始 (A:DP, B:Baseline, C:CKKS) ===
Iter 01 | Loss A:0.2368 B:0.2445 C:0.2756 | ε:0.2211 | Dist(BC):0.0606
Iter 05 | Loss A:0.2238 B:0.2072 C:0.2704 | ε:0.2491 | Dist(BC):0.1696
Iter 10 | Loss A:0.2247 B:0.2003 C:0.2714 | ε:0.2569 | Dist(BC):0.2208
Iter 15 | Loss A:0.2174 B:0.1990 C:0.2698 | ε:0.2810 | Dist(BC):0.2376
Iter 20 | Loss A:0.2170 B:0.1986 C:0.2657 | ε:0.2854 | Dist(BC):0.2402
Iter 25 | Loss A:0.2071 B:0.1984 C:0.2662 | ε:0.2788 | Dist(BC):0.2468
Iter 30 | Loss A:0.2065 B:0.1984 C:0.2648 | ε:0.2851 | Dist(BC):0.2473
Iter 35 | Loss A:0.2092 B:0.1983 C:0.2632 | ε:0.2811 | Dist(BC):0.2458
Iter 40 | Loss A:0.2083 B:0.1983 C:0.2626 | ε:0.2917 | Dist(BC):0.2461
Iter 45 | Loss A:0.2085 B:0.1983 C:0.2608 | ε:0.2912 | Dist(BC):0.2442
Iter 50 | Loss A:0.2041 B:0.1983 C:0.2593 | ε:0.3070 | Dist(BC):0.2414
Iter 55 | Loss A:0.2033 B:0.1983 C:0.2583 | ε:0.3173 | Dist(BC):0.2406
Iter 60 | Loss A:0.2049 B:0.1983 C:0.2576 | ε:0.3045 | Dist(BC):0.2399
Iter 65 | Loss A:0.2066 B:0.1983 C:0.2587 | ε:0.3027 | Dist(BC):0.2420
Iter 70 | Loss A:0.2066 B:0.1983 C:0.2596 | ε:0.2754 | Dist(BC):0.2446
Iter 75 | Loss A:0.2065 B:0.1983 C:0.2610 | ε:0.3048 | Dist(BC):0.2475
Iter 80 | Loss A:0.2055 B:0.1983 C:0.2602 | ε:0.3225 | Dist(BC):0.2463
Iter 85 | Loss A:0.2064 B:0.1983 C:0.2591 | ε:0.3009 | Dist(BC):0.2444
Iter 90 | Loss A:0.2050 B:0.1983 C:0.2586 | ε:0.3027 | Dist(BC):0.2430
Iter 95 | Loss A:0.2037 B:0.1983 C:0.2578 | ε:0.2970 | Dist(BC):0.2417
Iter 100 | Loss A:0.2045 B:0.1983 C:0.2571 | ε:0.2874 | Dist(BC):0.2402

--- 実行 3 / 1000 ---
--- プレラン（事前学習）を開始: 15 イテレーション ---
プレラン完了。計算された固定クリッピング閾値 C = 0.106014

=== 実験開始 (A:DP, B:Baseline, C:CKKS) ===
Iter 01 | Loss A:0.2618 B:0.2445 C:0.2710 | ε:0.3339 | Dist(BC):0.0524
Iter 05 | Loss A:0.2232 B:0.2072 C:0.2663 | ε:0.2738 | Dist(BC):0.1612
Iter 10 | Loss A:0.2222 B:0.2003 C:0.2596 | ε:0.2715 | Dist(BC):0.1976
Iter 15 | Loss A:0.2111 B:0.1990 C:0.2561 | ε:0.2805 | Dist(BC):0.2102
Iter 20 | Loss A:0.2175 B:0.1986 C:0.2535 | ε:0.2840 | Dist(BC):0.2137
Iter 25 | Loss A:0.2129 B:0.1984 C:0.2541 | ε:0.3002 | Dist(BC):0.2209
Iter 30 | Loss A:0.2033 B:0.1984 C:0.2527 | ε:0.3446 | Dist(BC):0.2212
Iter 35 | Loss A:0.2054 B:0.1983 C:0.2503 | ε:0.3362 | Dist(BC):0.2185
Iter 40 | Loss A:0.2147 B:0.1983 C:0.2501 | ε:0.2970 | Dist(BC):0.2201
Iter 45 | Loss A:0.2167 B:0.1983 C:0.2506 | ε:0.2929 | Dist(BC):0.2222
Iter 50 | Loss A:0.2092 B:0.1983 C:0.2502 | ε:0.2793 | Dist(BC):0.2220
Iter 55 | Loss A:0.2094 B:0.1983 C:0.2488 | ε:0.2639 | Dist(BC):0.2191
Iter 60 | Loss A:0.2037 B:0.1983 C:0.2479 | ε:0.2975 | Dist(BC):0.2186
Iter 65 | Loss A:0.2065 B:0.1983 C:0.2470 | ε:0.2893 | Dist(BC):0.2165
Iter 70 | Loss A:0.2061 B:0.1983 C:0.2469 | ε:0.2569 | Dist(BC):0.2165
Iter 75 | Loss A:0.2042 B:0.1983 C:0.2462 | ε:0.2652 | Dist(BC):0.2160
Iter 80 | Loss A:0.2023 B:0.1983 C:0.2451 | ε:0.2857 | Dist(BC):0.2133
Iter 85 | Loss A:0.2023 B:0.1983 C:0.2449 | ε:0.2883 | Dist(BC):0.2129
Iter 90 | Loss A:0.2033 B:0.1983 C:0.2458 | ε:0.3016 | Dist(BC):0.2151
Iter 95 | Loss A:0.2024 B:0.1983 C:0.2453 | ε:0.3135 | Dist(BC):0.2147
Iter 100 | Loss A:0.2017 B:0.1983 C:0.2449 | ε:0.2884 | Dist(BC):0.2142

--- 実行 4 / 1000 ---
--- プレラン（事前学習）を開始: 15 イテレーション ---
プレラン完了。計算された固定クリッピング閾値 C = 0.106014

=== 実験開始 (A:DP, B:Baseline, C:CKKS) ===
Iter 01 | Loss A:0.2424 B:0.2445 C:0.2768 | ε:0.2924 | Dist(BC):0.0626
Iter 05 | Loss A:0.2398 B:0.2072 C:0.2726 | ε:0.2799 | Dist(BC):0.1730
Iter 10 | Loss A:0.2214 B:0.2003 C:0.2788 | ε:0.3107 | Dist(BC):0.2322
Iter 15 | Loss A:0.2085 B:0.1990 C:0.2775 | ε:0.3201 | Dist(BC):0.2497
Iter 20 | Loss A:0.2101 B:0.1986 C:0.2755 | ε:0.2859 | Dist(BC):0.2543
Iter 25 | Loss A:0.2057 B:0.1984 C:0.2731 | ε:0.2915 | Dist(BC):0.2547
Iter 30 | Loss A:0.2076 B:0.1984 C:0.2724 | ε:0.2932 | Dist(BC):0.2560
Iter 35 | Loss A:0.2103 B:0.1983 C:0.2743 | ε:0.2999 | Dist(BC):0.2618
Iter 40 | Loss A:0.2053 B:0.1983 C:0.2719 | ε:0.3283 | Dist(BC):0.2593
Iter 45 | Loss A:0.2039 B:0.1983 C:0.2730 | ε:0.3314 | Dist(BC):0.2621
Iter 50 | Loss A:0.2036 B:0.1983 C:0.2716 | ε:0.3080 | Dist(BC):0.2608
Iter 55 | Loss A:0.2032 B:0.1983 C:0.2685 | ε:0.2960 | Dist(BC):0.2561
Iter 60 | Loss A:0.2042 B:0.1983 C:0.2668 | ε:0.2804 | Dist(BC):0.2535
Iter 65 | Loss A:0.2033 B:0.1983 C:0.2672 | ε:0.2968 | Dist(BC):0.2543
Iter 70 | Loss A:0.2018 B:0.1983 C:0.2675 | ε:0.3333 | Dist(BC):0.2555
Iter 75 | Loss A:0.2059 B:0.1983 C:0.2661 | ε:0.3284 | Dist(BC):0.2528
Iter 80 | Loss A:0.2059 B:0.1983 C:0.2669 | ε:0.3252 | Dist(BC):0.2544
Iter 85 | Loss A:0.2054 B:0.1983 C:0.2659 | ε:0.2808 | Dist(BC):0.2528
Iter 90 | Loss A:0.2058 B:0.1983 C:0.2645 | ε:0.3002 | Dist(BC):0.2507
Iter 95 | Loss A:0.2056 B:0.1983 C:0.2639 | ε:0.3133 | Dist(BC):0.2496
Iter 100 | Loss A:0.2065 B:0.1983 C:0.2629 | ε:0.2621 | Dist(BC):0.2479

--- 実行 5 / 1000 ---
--- プレラン（事前学習）を開始: 15 イテレーション ---
プレラン完了。計算された固定クリッピング閾値 C = 0.106014

=== 実験開始 (A:DP, B:Baseline, C:CKKS) ===
Iter 01 | Loss A:0.2411 B:0.2445 C:0.2753 | ε:0.3697 | Dist(BC):0.0601
Iter 05 | Loss A:0.2187 B:0.2072 C:0.2768 | ε:0.2836 | Dist(BC):0.1817
Iter 10 | Loss A:0.2099 B:0.2003 C:0.2689 | ε:0.2782 | Dist(BC):0.2189
Iter 15 | Loss A:0.2083 B:0.1990 C:0.2686 | ε:0.2843 | Dist(BC):0.2371
Iter 20 | Loss A:0.2306 B:0.1986 C:0.2659 | ε:0.2975 | Dist(BC):0.2436
Iter 25 | Loss A:0.2119 B:0.1984 C:0.2666 | ε:0.3288 | Dist(BC):0.2493
Iter 30 | Loss A:0.2101 B:0.1984 C:0.2639 | ε:0.3087 | Dist(BC):0.2464
Iter 35 | Loss A:0.2046 B:0.1983 C:0.2628 | ε:0.2877 | Dist(BC):0.2476
Iter 40 | Loss A:0.2081 B:0.1983 C:0.2628 | ε:0.3201 | Dist(BC):0.2483
Iter 45 | Loss A:0.2064 B:0.1983 C:0.2599 | ε:0.3158 | Dist(BC):0.2440
Iter 50 | Loss A:0.2040 B:0.1983 C:0.2606 | ε:0.2983 | Dist(BC):0.2461
Iter 55 | Loss A:0.2068 B:0.1983 C:0.2600 | ε:0.3034 | Dist(BC):0.2449
Iter 60 | Loss A:0.2060 B:0.1983 C:0.2606 | ε:0.3417 | Dist(BC):0.2465
Iter 65 | Loss A:0.2053 B:0.1983 C:0.2594 | ε:0.3132 | Dist(BC):0.2446
Iter 70 | Loss A:0.2044 B:0.1983 C:0.2587 | ε:0.2799 | Dist(BC):0.2431
Iter 75 | Loss A:0.2036 B:0.1983 C:0.2571 | ε:0.2916 | Dist(BC):0.2403
Iter 80 | Loss A:0.2039 B:0.1983 C:0.2567 | ε:0.2891 | Dist(BC):0.2397
Iter 85 | Loss A:0.2052 B:0.1983 C:0.2561 | ε:0.2861 | Dist(BC):0.2387
Iter 90 | Loss A:0.2040 B:0.1983 C:0.2555 | ε:0.2729 | Dist(BC):0.2381
Iter 95 | Loss A:0.2024 B:0.1983 C:0.2558 | ε:0.2880 | Dist(BC):0.2388
Iter 100 | Loss A:0.2040 B:0.1983 C:0.2560 | ε:0.2852 | Dist(BC):0.2393

--- 実行 6 / 1000 ---
--- プレラン（事前学習）を開始: 15 イテレーション ---
プレラン完了。計算された固定クリッピング閾値 C = 0.106014

=== 実験開始 (A:DP, B:Baseline, C:CKKS) ===
Iter 01 | Loss A:0.2630 B:0.2445 C:0.2757 | ε:0.3103 | Dist(BC):0.0608
Iter 05 | Loss A:0.2464 B:0.2072 C:0.2676 | ε:0.2706 | Dist(BC):0.1642
Iter 10 | Loss A:0.2295 B:0.2003 C:0.2695 | ε:0.2849 | Dist(BC):0.2167
Iter 15 | Loss A:0.2279 B:0.1990 C:0.2691 | ε:0.2846 | Dist(BC):0.2357
Iter 20 | Loss A:0.2349 B:0.1986 C:0.2651 | ε:0.2772 | Dist(BC):0.2375
Iter 25 | Loss A:0.2163 B:0.1984 C:0.2620 | ε:0.2741 | Dist(BC):0.2374
Iter 30 | Loss A:0.2200 B:0.1984 C:0.2578 | ε:0.2642 | Dist(BC):0.2321
Iter 35 | Loss A:0.2124 B:0.1983 C:0.2588 | ε:0.2865 | Dist(BC):0.2361
Iter 40 | Loss A:0.2079 B:0.1983 C:0.2612 | ε:0.3317 | Dist(BC):0.2422
Iter 45 | Loss A:0.2083 B:0.1983 C:0.2595 | ε:0.3176 | Dist(BC):0.2399
Iter 50 | Loss A:0.2126 B:0.1983 C:0.2607 | ε:0.2983 | Dist(BC):0.2433
Iter 55 | Loss A:0.2051 B:0.1983 C:0.2597 | ε:0.2867 | Dist(BC):0.2412
Iter 60 | Loss A:0.2046 B:0.1983 C:0.2586 | ε:0.2878 | Dist(BC):0.2393
Iter 65 | Loss A:0.2035 B:0.1983 C:0.2574 | ε:0.2967 | Dist(BC):0.2366
Iter 70 | Loss A:0.2027 B:0.1983 C:0.2567 | ε:0.2639 | Dist(BC):0.2355
Iter 75 | Loss A:0.2031 B:0.1983 C:0.2554 | ε:0.2756 | Dist(BC):0.2334
Iter 80 | Loss A:0.2066 B:0.1983 C:0.2556 | ε:0.2875 | Dist(BC):0.2339
Iter 85 | Loss A:0.2083 B:0.1983 C:0.2545 | ε:0.2948 | Dist(BC):0.2321
Iter 90 | Loss A:0.2054 B:0.1983 C:0.2547 | ε:0.3221 | Dist(BC):0.2326
Iter 95 | Loss A:0.2035 B:0.1983 C:0.2544 | ε:0.2914 | Dist(BC):0.2326
Iter 100 | Loss A:0.2019 B:0.1983 C:0.2548 | ε:0.2585 | Dist(BC):0.2331

--- 実行 7 / 1000 ---
--- プレラン（事前学習）を開始: 15 イテレーション ---
プレラン完了。計算された固定クリッピング閾値 C = 0.106014

=== 実験開始 (A:DP, B:Baseline, C:CKKS) ===
Iter 01 | Loss A:0.2856 B:0.2445 C:0.2719 | ε:0.2622 | Dist(BC):0.0541
Iter 05 | Loss A:0.2081 B:0.2072 C:0.2708 | ε:0.2655 | Dist(BC):0.1689
Iter 10 | Loss A:0.2265 B:0.2003 C:0.2682 | ε:0.2817 | Dist(BC):0.2123
Iter 15 | Loss A:0.2253 B:0.1990 C:0.2693 | ε:0.2820 | Dist(BC):0.2323
Iter 20 | Loss A:0.2124 B:0.1986 C:0.2712 | ε:0.2568 | Dist(BC):0.2444
Iter 25 | Loss A:0.2169 B:0.1984 C:0.2691 | ε:0.2719 | Dist(BC):0.2460
Iter 30 | Loss A:0.2168 B:0.1984 C:0.2685 | ε:0.2832 | Dist(BC):0.2482
Iter 35 | Loss A:0.2114 B:0.1983 C:0.2675 | ε:0.2868 | Dist(BC):0.2482
Iter 40 | Loss A:0.2070 B:0.1983 C:0.2654 | ε:0.3211 | Dist(BC):0.2459
Iter 45 | Loss A:0.2081 B:0.1983 C:0.2636 | ε:0.3044 | Dist(BC):0.2432
Iter 50 | Loss A:0.2087 B:0.1983 C:0.2644 | ε:0.2776 | Dist(BC):0.2456
Iter 55 | Loss A:0.2077 B:0.1983 C:0.2613 | ε:0.2881 | Dist(BC):0.2413
Iter 60 | Loss A:0.2088 B:0.1983 C:0.2600 | ε:0.3101 | Dist(BC):0.2393
Iter 65 | Loss A:0.2072 B:0.1983 C:0.2594 | ε:0.3072 | Dist(BC):0.2386
Iter 70 | Loss A:0.2109 B:0.1983 C:0.2583 | ε:0.2931 | Dist(BC):0.2359
Iter 75 | Loss A:0.2122 B:0.1983 C:0.2578 | ε:0.2816 | Dist(BC):0.2353
Iter 80 | Loss A:0.2105 B:0.1983 C:0.2564 | ε:0.2639 | Dist(BC):0.2325
Iter 85 | Loss A:0.2113 B:0.1983 C:0.2550 | ε:0.2807 | Dist(BC):0.2298
Iter 90 | Loss A:0.2116 B:0.1983 C:0.2538 | ε:0.2611 | Dist(BC):0.2276
Iter 95 | Loss A:0.2108 B:0.1983 C:0.2519 | ε:0.2543 | Dist(BC):0.2241
Iter 100 | Loss A:0.2071 B:0.1983 C:0.2518 | ε:0.2875 | Dist(BC):0.2238

--- 実行 8 / 1000 ---
--- プレラン（事前学習）を開始: 15 イテレーション ---
プレラン完了。計算された固定クリッピング閾値 C = 0.106014

=== 実験開始 (A:DP, B:Baseline, C:CKKS) ===
Iter 01 | Loss A:0.2501 B:0.2445 C:0.2734 | ε:0.2642 | Dist(BC):0.0568
Iter 05 | Loss A:0.2189 B:0.2072 C:0.2727 | ε:0.2987 | Dist(BC):0.1736
Iter 10 | Loss A:0.2126 B:0.2003 C:0.2715 | ε:0.2975 | Dist(BC):0.2211
Iter 15 | Loss A:0.2069 B:0.1990 C:0.2699 | ε:0.2920 | Dist(BC):0.2382
Iter 20 | Loss A:0.2065 B:0.1986 C:0.2718 | ε:0.2926 | Dist(BC):0.2510
Iter 25 | Loss A:0.2088 B:0.1984 C:0.2665 | ε:0.3233 | Dist(BC):0.2475
Iter 30 | Loss A:0.2088 B:0.1984 C:0.2645 | ε:0.3438 | Dist(BC):0.2463
Iter 35 | Loss A:0.2076 B:0.1983 C:0.2616 | ε:0.2883 | Dist(BC):0.2432
Iter 40 | Loss A:0.2052 B:0.1983 C:0.2619 | ε:0.2888 | Dist(BC):0.2447
Iter 45 | Loss A:0.2074 B:0.1983 C:0.2576 | ε:0.3400 | Dist(BC):0.2384
Iter 50 | Loss A:0.2035 B:0.1983 C:0.2595 | ε:0.3138 | Dist(BC):0.2425
Iter 55 | Loss A:0.2062 B:0.1983 C:0.2597 | ε:0.2770 | Dist(BC):0.2437
Iter 60 | Loss A:0.2059 B:0.1983 C:0.2598 | ε:0.2907 | Dist(BC):0.2442
Iter 65 | Loss A:0.2050 B:0.1983 C:0.2571 | ε:0.3144 | Dist(BC):0.2394
Iter 70 | Loss A:0.2045 B:0.1983 C:0.2581 | ε:0.3091 | Dist(BC):0.2418
Iter 75 | Loss A:0.2040 B:0.1983 C:0.2573 | ε:0.2958 | Dist(BC):0.2406
Iter 80 | Loss A:0.2032 B:0.1983 C:0.2585 | ε:0.2853 | Dist(BC):0.2430
Iter 85 | Loss A:0.2033 B:0.1983 C:0.2585 | ε:0.2833 | Dist(BC):0.2435
Iter 90 | Loss A:0.2042 B:0.1983 C:0.2583 | ε:0.2959 | Dist(BC):0.2431
Iter 95 | Loss A:0.2039 B:0.1983 C:0.2578 | ε:0.3035 | Dist(BC):0.2420
Iter 100 | Loss A:0.2032 B:0.1983 C:0.2567 | ε:0.2986 | Dist(BC):0.2398

--- 実行 9 / 1000 ---
--- プレラン（事前学習）を開始: 15 イテレーション ---
プレラン完了。計算された固定クリッピング閾値 C = 0.106014

=== 実験開始 (A:DP, B:Baseline, C:CKKS) ===
Iter 01 | Loss A:0.2441 B:0.2445 C:0.2758 | ε:0.3432 | Dist(BC):0.0609
Iter 05 | Loss A:0.2274 B:0.2072 C:0.2726 | ε:0.3058 | Dist(BC):0.1727
Iter 10 | Loss A:0.2186 B:0.2003 C:0.2722 | ε:0.2966 | Dist(BC):0.2217
Iter 15 | Loss A:0.2116 B:0.1990 C:0.2741 | ε:0.3012 | Dist(BC):0.2446
Iter 20 | Loss A:0.2108 B:0.1986 C:0.2727 | ε:0.3159 | Dist(BC):0.2515
Iter 25 | Loss A:0.2185 B:0.1984 C:0.2696 | ε:0.3261 | Dist(BC):0.2517
Iter 30 | Loss A:0.2170 B:0.1984 C:0.2703 | ε:0.2972 | Dist(BC):0.2548
Iter 35 | Loss A:0.2193 B:0.1983 C:0.2684 | ε:0.2736 | Dist(BC):0.2523
Iter 40 | Loss A:0.2153 B:0.1983 C:0.2669 | ε:0.2699 | Dist(BC):0.2511
Iter 45 | Loss A:0.2094 B:0.1983 C:0.2684 | ε:0.2607 | Dist(BC):0.2548
Iter 50 | Loss A:0.2111 B:0.1983 C:0.2682 | ε:0.2564 | Dist(BC):0.2549
Iter 55 | Loss A:0.2083 B:0.1983 C:0.2671 | ε:0.2981 | Dist(BC):0.2529
Iter 60 | Loss A:0.2123 B:0.1983 C:0.2662 | ε:0.3149 | Dist(BC):0.2517
Iter 65 | Loss A:0.2108 B:0.1983 C:0.2641 | ε:0.2984 | Dist(BC):0.2478
Iter 70 | Loss A:0.2098 B:0.1983 C:0.2630 | ε:0.3063 | Dist(BC):0.2461
Iter 75 | Loss A:0.2045 B:0.1983 C:0.2608 | ε:0.3201 | Dist(BC):0.2426
Iter 80 | Loss A:0.2063 B:0.1983 C:0.2605 | ε:0.3023 | Dist(BC):0.2423
Iter 85 | Loss A:0.2070 B:0.1983 C:0.2603 | ε:0.2633 | Dist(BC):0.2423
Iter 90 | Loss A:0.2070 B:0.1983 C:0.2612 | ε:0.2563 | Dist(BC):0.2443
Iter 95 | Loss A:0.2058 B:0.1983 C:0.2590 | ε:0.2818 | Dist(BC):0.2407
Iter 100 | Loss A:0.2053 B:0.1983 C:0.2586 | ε:0.2887 | Dist(BC):0.2399

--- 実行 10 / 1000 ---
--- プレラン（事前学習）を開始: 15 イテレーション ---
プレラン完了。計算された固定クリッピング閾値 C = 0.106014

=== 実験開始 (A:DP, B:Baseline, C:CKKS) ===
Iter 01 | Loss A:0.2390 B:0.2445 C:0.2754 | ε:0.2076 | Dist(BC):0.0603
Iter 05 | Loss A:0.2172 B:0.2072 C:0.2801 | ε:0.2908 | Dist(BC):0.1852
Iter 10 | Loss A:0.2066 B:0.2003 C:0.2727 | ε:0.3103 | Dist(BC):0.2251
Iter 15 | Loss A:0.2145 B:0.1990 C:0.2739 | ε:0.3403 | Dist(BC):0.2469
Iter 20 | Loss A:0.2171 B:0.1986 C:0.2728 | ε:0.3016 | Dist(BC):0.2542
Iter 25 | Loss A:0.2052 B:0.1984 C:0.2714 | ε:0.2600 | Dist(BC):0.2577
Iter 30 | Loss A:0.2032 B:0.1984 C:0.2712 | ε:0.2748 | Dist(BC):0.2611
Iter 35 | Loss A:0.2032 B:0.1983 C:0.2683 | ε:0.2977 | Dist(BC):0.2583
Iter 40 | Loss A:0.2035 B:0.1983 C:0.2667 | ε:0.2750 | Dist(BC):0.2555
Iter 45 | Loss A:0.2038 B:0.1983 C:0.2663 | ε:0.2638 | Dist(BC):0.2561
Iter 50 | Loss A:0.2030 B:0.1983 C:0.2673 | ε:0.2761 | Dist(BC):0.2581
Iter 55 | Loss A:0.2028 B:0.1983 C:0.2665 | ε:0.2989 | Dist(BC):0.2576
Iter 60 | Loss A:0.2036 B:0.1983 C:0.2659 | ε:0.2891 | Dist(BC):0.2566
Iter 65 | Loss A:0.2034 B:0.1983 C:0.2644 | ε:0.2936 | Dist(BC):0.2542
Iter 70 | Loss A:0.2029 B:0.1983 C:0.2645 | ε:0.3443 | Dist(BC):0.2545
Iter 75 | Loss A:0.2038 B:0.1983 C:0.2646 | ε:0.3167 | Dist(BC):0.2557
Iter 80 | Loss A:0.2052 B:0.1983 C:0.2654 | ε:0.2850 | Dist(BC):0.2571
Iter 85 | Loss A:0.2025 B:0.1983 C:0.2661 | ε:0.2906 | Dist(BC):0.2584
Iter 90 | Loss A:0.2039 B:0.1983 C:0.2643 | ε:0.2824 | Dist(BC):0.2551
Iter 95 | Loss A:0.2029 B:0.1983 C:0.2654 | ε:0.2761 | Dist(BC):0.2572
Iter 100 | Loss A:0.2020 B:0.1983 C:0.2647 | ε:0.2685 | Dist(BC):0.2559

--- 実行 11 / 1000 ---
--- プレラン（事前学習）を開始: 15 イテレーション ---
プレラン完了。計算された固定クリッピング閾値 C = 0.106014

=== 実験開始 (A:DP, B:Baseline, C:CKKS) ===
Iter 01 | Loss A:0.2361 B:0.2445 C:0.2737 | ε:0.2623 | Dist(BC):0.0574
Iter 05 | Loss A:0.2199 B:0.2072 C:0.2705 | ε:0.3014 | Dist(BC):0.1705
Iter 10 | Loss A:0.2378 B:0.2003 C:0.2765 | ε:0.2869 | Dist(BC):0.2308
Iter 15 | Loss A:0.2167 B:0.1990 C:0.2746 | ε:0.2647 | Dist(BC):0.2478
Iter 20 | Loss A:0.2195 B:0.1986 C:0.2776 | ε:0.2709 | Dist(BC):0.2612
Iter 25 | Loss A:0.2201 B:0.1984 C:0.2727 | ε:0.2904 | Dist(BC):0.2568
Iter 30 | Loss A:0.2120 B:0.1984 C:0.2692 | ε:0.2747 | Dist(BC):0.2532
Iter 35 | Loss A:0.2110 B:0.1983 C:0.2687 | ε:0.2635 | Dist(BC):0.2539
Iter 40 | Loss A:0.2082 B:0.1983 C:0.2707 | ε:0.2572 | Dist(BC):0.2596
Iter 45 | Loss A:0.2050 B:0.1983 C:0.2688 | ε:0.2896 | Dist(BC):0.2562
Iter 50 | Loss A:0.2112 B:0.1983 C:0.2678 | ε:0.3573 | Dist(BC):0.2561
Iter 55 | Loss A:0.2051 B:0.1983 C:0.2685 | ε:0.3042 | Dist(BC):0.2576
Iter 60 | Loss A:0.2033 B:0.1983 C:0.2687 | ε:0.2944 | Dist(BC):0.2588
Iter 65 | Loss A:0.2018 B:0.1983 C:0.2677 | ε:0.3050 | Dist(BC):0.2570
Iter 70 | Loss A:0.2056 B:0.1983 C:0.2680 | ε:0.2842 | Dist(BC):0.2578
Iter 75 | Loss A:0.2104 B:0.1983 C:0.2671 | ε:0.2909 | Dist(BC):0.2564
Iter 80 | Loss A:0.2032 B:0.1983 C:0.2667 | ε:0.3110 | Dist(BC):0.2560
Iter 85 | Loss A:0.2015 B:0.1983 C:0.2664 | ε:0.2978 | Dist(BC):0.2554
Iter 90 | Loss A:0.2012 B:0.1983 C:0.2669 | ε:0.2881 | Dist(BC):0.2565
Iter 95 | Loss A:0.2012 B:0.1983 C:0.2665 | ε:0.2751 | Dist(BC):0.2560
Iter 100 | Loss A:0.2025 B:0.1983 C:0.2666 | ε:0.2547 | Dist(BC):0.2558

--- 実行 12 / 1000 ---
--- プレラン（事前学習）を開始: 15 イテレーション ---
プレラン完了。計算された固定クリッピング閾値 C = 0.106014

=== 実験開始 (A:DP, B:Baseline, C:CKKS) ===
Iter 01 | Loss A:0.2623 B:0.2445 C:0.2775 | ε:0.2948 | Dist(BC):0.0637
Iter 05 | Loss A:0.2486 B:0.2072 C:0.2715 | ε:0.2857 | Dist(BC):0.1716
Iter 10 | Loss A:0.2329 B:0.2003 C:0.2644 | ε:0.3011 | Dist(BC):0.2105
Iter 15 | Loss A:0.2190 B:0.1990 C:0.2642 | ε:0.2773 | Dist(BC):0.2288
Iter 20 | Loss A:0.2146 B:0.1986 C:0.2622 | ε:0.2758 | Dist(BC):0.2325
Iter 25 | Loss A:0.2073 B:0.1984 C:0.2623 | ε:0.2971 | Dist(BC):0.2376
Iter 30 | Loss A:0.2096 B:0.1984 C:0.2648 | ε:0.2557 | Dist(BC):0.2456
Iter 35 | Loss A:0.2073 B:0.1983 C:0.2617 | ε:0.2698 | Dist(BC):0.2419
Iter 40 | Loss A:0.2062 B:0.1983 C:0.2611 | ε:0.3262 | Dist(BC):0.2423
Iter 45 | Loss A:0.2088 B:0.1983 C:0.2594 | ε:0.3094 | Dist(BC):0.2406
Iter 50 | Loss A:0.2014 B:0.1983 C:0.2583 | ε:0.2769 | Dist(BC):0.2385
Iter 55 | Loss A:0.2023 B:0.1983 C:0.2585 | ε:0.3074 | Dist(BC):0.2397
Iter 60 | Loss A:0.2034 B:0.1983 C:0.2593 | ε:0.3099 | Dist(BC):0.2408
Iter 65 | Loss A:0.2050 B:0.1983 C:0.2581 | ε:0.2945 | Dist(BC):0.2386
Iter 70 | Loss A:0.2018 B:0.1983 C:0.2574 | ε:0.2943 | Dist(BC):0.2373
Iter 75 | Loss A:0.2024 B:0.1983 C:0.2571 | ε:0.2923 | Dist(BC):0.2375
Iter 80 | Loss A:0.2016 B:0.1983 C:0.2572 | ε:0.3016 | Dist(BC):0.2379
Iter 85 | Loss A:0.2016 B:0.1983 C:0.2561 | ε:0.2791 | Dist(BC):0.2364
Iter 90 | Loss A:0.2017 B:0.1983 C:0.2550 | ε:0.2807 | Dist(BC):0.2344
Iter 95 | Loss A:0.2032 B:0.1983 C:0.2549 | ε:0.2498 | Dist(BC):0.2342
Iter 100 | Loss A:0.2044 B:0.1983 C:0.2549 | ε:0.2356 | Dist(BC):0.2342

--- 実行 13 / 1000 ---
--- プレラン（事前学習）を開始: 15 イテレーション ---
プレラン完了。計算された固定クリッピング閾値 C = 0.106014

=== 実験開始 (A:DP, B:Baseline, C:CKKS) ===
Iter 01 | Loss A:0.2271 B:0.2445 C:0.2769 | ε:0.3731 | Dist(BC):0.0627
Iter 05 | Loss A:0.2296 B:0.2072 C:0.2696 | ε:0.3288 | Dist(BC):0.1668
Iter 10 | Loss A:0.2262 B:0.2003 C:0.2704 | ε:0.3071 | Dist(BC):0.2186
Iter 15 | Loss A:0.2202 B:0.1990 C:0.2718 | ε:0.3077 | Dist(BC):0.2398
Iter 20 | Loss A:0.2106 B:0.1986 C:0.2717 | ε:0.3103 | Dist(BC):0.2491
Iter 25 | Loss A:0.2098 B:0.1984 C:0.2717 | ε:0.2907 | Dist(BC):0.2548
Iter 30 | Loss A:0.2086 B:0.1984 C:0.2724 | ε:0.3058 | Dist(BC):0.2595
Iter 35 | Loss A:0.2053 B:0.1983 C:0.2707 | ε:0.3355 | Dist(BC):0.2586
Iter 40 | Loss A:0.2023 B:0.1983 C:0.2713 | ε:0.3133 | Dist(BC):0.2615
Iter 45 | Loss A:0.2033 B:0.1983 C:0.2723 | ε:0.2777 | Dist(BC):0.2640
Iter 50 | Loss A:0.2029 B:0.1983 C:0.2711 | ε:0.2609 | Dist(BC):0.2620
Iter 55 | Loss A:0.2030 B:0.1983 C:0.2709 | ε:0.2758 | Dist(BC):0.2623
Iter 60 | Loss A:0.2060 B:0.1983 C:0.2709 | ε:0.3145 | Dist(BC):0.2622
Iter 65 | Loss A:0.2060 B:0.1983 C:0.2703 | ε:0.2955 | Dist(BC):0.2620
Iter 70 | Loss A:0.2100 B:0.1983 C:0.2700 | ε:0.2891 | Dist(BC):0.2614
Iter 75 | Loss A:0.2069 B:0.1983 C:0.2700 | ε:0.3256 | Dist(BC):0.2616
Iter 80 | Loss A:0.2054 B:0.1983 C:0.2705 | ε:0.3088 | Dist(BC):0.2625
Iter 85 | Loss A:0.2054 B:0.1983 C:0.2691 | ε:0.2857 | Dist(BC):0.2602
Iter 90 | Loss A:0.2042 B:0.1983 C:0.2687 | ε:0.2905 | Dist(BC):0.2600
Iter 95 | Loss A:0.2023 B:0.1983 C:0.2689 | ε:0.3003 | Dist(BC):0.2602
Iter 100 | Loss A:0.2031 B:0.1983 C:0.2677 | ε:0.2791 | Dist(BC):0.2580

--- 実行 14 / 1000 ---
--- プレラン（事前学習）を開始: 15 イテレーション ---
プレラン完了。計算された固定クリッピング閾値 C = 0.106014

=== 実験開始 (A:DP, B:Baseline, C:CKKS) ===
Iter 01 | Loss A:0.2770 B:0.2445 C:0.2723 | ε:0.3260 | Dist(BC):0.0549
Iter 05 | Loss A:0.2200 B:0.2072 C:0.2672 | ε:0.2379 | Dist(BC):0.1633
Iter 10 | Loss A:0.2037 B:0.2003 C:0.2629 | ε:0.2789 | Dist(BC):0.2045
Iter 15 | Loss A:0.2110 B:0.1990 C:0.2662 | ε:0.2953 | Dist(BC):0.2309
Iter 20 | Loss A:0.2142 B:0.1986 C:0.2643 | ε:0.2561 | Dist(BC):0.2367
Iter 25 | Loss A:0.2155 B:0.1984 C:0.2665 | ε:0.2640 | Dist(BC):0.2464
Iter 30 | Loss A:0.2173 B:0.1984 C:0.2640 | ε:0.2842 | Dist(BC):0.2460
Iter 35 | Loss A:0.2098 B:0.1983 C:0.2640 | ε:0.2715 | Dist(BC):0.2483
Iter 40 | Loss A:0.2065 B:0.1983 C:0.2648 | ε:0.2677 | Dist(BC):0.2510
Iter 45 | Loss A:0.2091 B:0.1983 C:0.2621 | ε:0.2724 | Dist(BC):0.2473
Iter 50 | Loss A:0.2094 B:0.1983 C:0.2606 | ε:0.2688 | Dist(BC):0.2454
Iter 55 | Loss A:0.2086 B:0.1983 C:0.2600 | ε:0.2742 | Dist(BC):0.2442
Iter 60 | Loss A:0.2070 B:0.1983 C:0.2610 | ε:0.2811 | Dist(BC):0.2469
Iter 65 | Loss A:0.2045 B:0.1983 C:0.2598 | ε:0.2867 | Dist(BC):0.2440
Iter 70 | Loss A:0.2048 B:0.1983 C:0.2590 | ε:0.2878 | Dist(BC):0.2424
Iter 75 | Loss A:0.2049 B:0.1983 C:0.2594 | ε:0.2933 | Dist(BC):0.2434
Iter 80 | Loss A:0.2042 B:0.1983 C:0.2601 | ε:0.2826 | Dist(BC):0.2453
Iter 85 | Loss A:0.2042 B:0.1983 C:0.2607 | ε:0.2841 | Dist(BC):0.2464
Iter 90 | Loss A:0.2021 B:0.1983 C:0.2595 | ε:0.3064 | Dist(BC):0.2443
Iter 95 | Loss A:0.2022 B:0.1983 C:0.2590 | ε:0.3154 | Dist(BC):0.2429
Iter 100 | Loss A:0.2026 B:0.1983 C:0.2577 | ε:0.3107 | Dist(BC):0.2407

--- 実行 15 / 1000 ---
--- プレラン（事前学習）を開始: 15 イテレーション ---
プレラン完了。計算された固定クリッピング閾値 C = 0.106014

=== 実験開始 (A:DP, B:Baseline, C:CKKS) ===
Iter 01 | Loss A:0.2605 B:0.2445 C:0.2709 | ε:0.2467 | Dist(BC):0.0523
Iter 05 | Loss A:0.2269 B:0.2072 C:0.2709 | ε:0.2707 | Dist(BC):0.1695
Iter 10 | Loss A:0.2090 B:0.2003 C:0.2672 | ε:0.2839 | Dist(BC):0.2129
Iter 15 | Loss A:0.2110 B:0.1990 C:0.2622 | ε:0.3036 | Dist(BC):0.2233
Iter 20 | Loss A:0.2051 B:0.1986 C:0.2558 | ε:0.3032 | Dist(BC):0.2198
Iter 25 | Loss A:0.2218 B:0.1984 C:0.2555 | ε:0.2970 | Dist(BC):0.2237
Iter 30 | Loss A:0.2225 B:0.1984 C:0.2541 | ε:0.2993 | Dist(BC):0.2231
Iter 35 | Loss A:0.2115 B:0.1983 C:0.2538 | ε:0.2537 | Dist(BC):0.2240
Iter 40 | Loss A:0.2156 B:0.1983 C:0.2540 | ε:0.2445 | Dist(BC):0.2266
Iter 45 | Loss A:0.2110 B:0.1983 C:0.2529 | ε:0.2674 | Dist(BC):0.2257
Iter 50 | Loss A:0.2138 B:0.1983 C:0.2521 | ε:0.2683 | Dist(BC):0.2261
Iter 55 | Loss A:0.2089 B:0.1983 C:0.2527 | ε:0.2989 | Dist(BC):0.2279
Iter 60 | Loss A:0.2117 B:0.1983 C:0.2520 | ε:0.2908 | Dist(BC):0.2266
Iter 65 | Loss A:0.2114 B:0.1983 C:0.2517 | ε:0.2658 | Dist(BC):0.2262
Iter 70 | Loss A:0.2080 B:0.1983 C:0.2506 | ε:0.2384 | Dist(BC):0.2243
Iter 75 | Loss A:0.2070 B:0.1983 C:0.2505 | ε:0.2535 | Dist(BC):0.2243
Iter 80 | Loss A:0.2095 B:0.1983 C:0.2501 | ε:0.3130 | Dist(BC):0.2236
Iter 85 | Loss A:0.2101 B:0.1983 C:0.2508 | ε:0.3174 | Dist(BC):0.2256
Iter 90 | Loss A:0.2068 B:0.1983 C:0.2496 | ε:0.3363 | Dist(BC):0.2229
Iter 95 | Loss A:0.2071 B:0.1983 C:0.2487 | ε:0.3422 | Dist(BC):0.2210
Iter 100 | Loss A:0.2063 B:0.1983 C:0.2483 | ε:0.3301 | Dist(BC):0.2197

--- 実行 16 / 1000 ---
--- プレラン（事前学習）を開始: 15 イテレーション ---
プレラン完了。計算された固定クリッピング閾値 C = 0.106014

=== 実験開始 (A:DP, B:Baseline, C:CKKS) ===
Iter 01 | Loss A:0.2327 B:0.2445 C:0.2727 | ε:0.2452 | Dist(BC):0.0557
Iter 05 | Loss A:0.2240 B:0.2072 C:0.2696 | ε:0.2404 | Dist(BC):0.1675
Iter 10 | Loss A:0.2089 B:0.2003 C:0.2691 | ε:0.2791 | Dist(BC):0.2171
Iter 15 | Loss A:0.2129 B:0.1990 C:0.2687 | ε:0.3076 | Dist(BC):0.2367
Iter 20 | Loss A:0.2083 B:0.1986 C:0.2662 | ε:0.3119 | Dist(BC):0.2411
Iter 25 | Loss A:0.2080 B:0.1984 C:0.2677 | ε:0.3413 | Dist(BC):0.2495
Iter 30 | Loss A:0.2073 B:0.1984 C:0.2679 | ε:0.3284 | Dist(BC):0.2521
Iter 35 | Loss A:0.2073 B:0.1983 C:0.2662 | ε:0.3164 | Dist(BC):0.2517
Iter 40 | Loss A:0.2083 B:0.1983 C:0.2675 | ε:0.3058 | Dist(BC):0.2555
Iter 45 | Loss A:0.2081 B:0.1983 C:0.2677 | ε:0.2877 | Dist(BC):0.2567
Iter 50 | Loss A:0.2103 B:0.1983 C:0.2689 | ε:0.2818 | Dist(BC):0.2589
Iter 55 | Loss A:0.2140 B:0.1983 C:0.2686 | ε:0.2722 | Dist(BC):0.2587
Iter 60 | Loss A:0.2092 B:0.1983 C:0.2670 | ε:0.2626 | Dist(BC):0.2565
Iter 65 | Loss A:0.2098 B:0.1983 C:0.2654 | ε:0.2740 | Dist(BC):0.2535
Iter 70 | Loss A:0.2086 B:0.1983 C:0.2653 | ε:0.2846 | Dist(BC):0.2535
Iter 75 | Loss A:0.2072 B:0.1983 C:0.2649 | ε:0.2743 | Dist(BC):0.2532
Iter 80 | Loss A:0.2035 B:0.1983 C:0.2649 | ε:0.2894 | Dist(BC):0.2539
Iter 85 | Loss A:0.2017 B:0.1983 C:0.2633 | ε:0.3020 | Dist(BC):0.2504
Iter 90 | Loss A:0.2015 B:0.1983 C:0.2645 | ε:0.3013 | Dist(BC):0.2527
Iter 95 | Loss A:0.2003 B:0.1983 C:0.2642 | ε:0.3025 | Dist(BC):0.2530
Iter 100 | Loss A:0.2012 B:0.1983 C:0.2632 | ε:0.3008 | Dist(BC):0.2513

--- 実行 17 / 1000 ---
--- プレラン（事前学習）を開始: 15 イテレーション ---
プレラン完了。計算された固定クリッピング閾値 C = 0.106014

=== 実験開始 (A:DP, B:Baseline, C:CKKS) ===
Iter 01 | Loss A:0.3071 B:0.2445 C:0.2739 | ε:0.2758 | Dist(BC):0.0577
Iter 05 | Loss A:0.2557 B:0.2072 C:0.2705 | ε:0.3121 | Dist(BC):0.1687
Iter 10 | Loss A:0.2173 B:0.2003 C:0.2691 | ε:0.2923 | Dist(BC):0.2175
Iter 15 | Loss A:0.2218 B:0.1990 C:0.2711 | ε:0.2947 | Dist(BC):0.2389
Iter 20 | Loss A:0.2119 B:0.1986 C:0.2672 | ε:0.2863 | Dist(BC):0.2415
Iter 25 | Loss A:0.2104 B:0.1984 C:0.2688 | ε:0.2803 | Dist(BC):0.2497
Iter 30 | Loss A:0.2115 B:0.1984 C:0.2674 | ε:0.2779 | Dist(BC):0.2491
Iter 35 | Loss A:0.2079 B:0.1983 C:0.2688 | ε:0.2952 | Dist(BC):0.2528
Iter 40 | Loss A:0.2108 B:0.1983 C:0.2667 | ε:0.2850 | Dist(BC):0.2496
Iter 45 | Loss A:0.2122 B:0.1983 C:0.2652 | ε:0.2668 | Dist(BC):0.2482
Iter 50 | Loss A:0.2100 B:0.1983 C:0.2654 | ε:0.2810 | Dist(BC):0.2494
Iter 55 | Loss A:0.2065 B:0.1983 C:0.2641 | ε:0.2748 | Dist(BC):0.2468
Iter 60 | Loss A:0.2021 B:0.1983 C:0.2651 | ε:0.2813 | Dist(BC):0.2497
Iter 65 | Loss A:0.2025 B:0.1983 C:0.2665 | ε:0.2550 | Dist(BC):0.2522
Iter 70 | Loss A:0.2041 B:0.1983 C:0.2658 | ε:0.2723 | Dist(BC):0.2514
Iter 75 | Loss A:0.2019 B:0.1983 C:0.2672 | ε:0.2710 | Dist(BC):0.2543
Iter 80 | Loss A:0.2009 B:0.1983 C:0.2684 | ε:0.2571 | Dist(BC):0.2563
Iter 85 | Loss A:0.2003 B:0.1983 C:0.2676 | ε:0.2814 | Dist(BC):0.2555
Iter 90 | Loss A:0.2015 B:0.1983 C:0.2670 | ε:0.2947 | Dist(BC):0.2547
Iter 95 | Loss A:0.2009 B:0.1983 C:0.2663 | ε:0.2774 | Dist(BC):0.2539
Iter 100 | Loss A:0.2032 B:0.1983 C:0.2654 | ε:0.3043 | Dist(BC):0.2521

--- 実行 18 / 1000 ---
--- プレラン（事前学習）を開始: 15 イテレーション ---
プレラン完了。計算された固定クリッピング閾値 C = 0.106014

=== 実験開始 (A:DP, B:Baseline, C:CKKS) ===
Iter 01 | Loss A:0.2707 B:0.2445 C:0.2737 | ε:0.3478 | Dist(BC):0.0574
Iter 05 | Loss A:0.2396 B:0.2072 C:0.2739 | ε:0.2857 | Dist(BC):0.1750
Iter 10 | Loss A:0.2161 B:0.2003 C:0.2692 | ε:0.3112 | Dist(BC):0.2174
Iter 15 | Loss A:0.2152 B:0.1990 C:0.2696 | ε:0.2929 | Dist(BC):0.2373
Iter 20 | Loss A:0.2147 B:0.1986 C:0.2670 | ε:0.2719 | Dist(BC):0.2428
Iter 25 | Loss A:0.2142 B:0.1984 C:0.2645 | ε:0.2752 | Dist(BC):0.2432
Iter 30 | Loss A:0.2167 B:0.1984 C:0.2654 | ε:0.2831 | Dist(BC):0.2476
Iter 35 | Loss A:0.2132 B:0.1983 C:0.2627 | ε:0.2803 | Dist(BC):0.2442
Iter 40 | Loss A:0.2120 B:0.1983 C:0.2618 | ε:0.2815 | Dist(BC):0.2446
Iter 45 | Loss A:0.2070 B:0.1983 C:0.2619 | ε:0.2969 | Dist(BC):0.2451
Iter 50 | Loss A:0.2086 B:0.1983 C:0.2622 | ε:0.2707 | Dist(BC):0.2460
Iter 55 | Loss A:0.2037 B:0.1983 C:0.2605 | ε:0.2659 | Dist(BC):0.2434
Iter 60 | Loss A:0.2048 B:0.1983 C:0.2597 | ε:0.2764 | Dist(BC):0.2422
Iter 65 | Loss A:0.2036 B:0.1983 C:0.2587 | ε:0.2679 | Dist(BC):0.2410
Iter 70 | Loss A:0.2089 B:0.1983 C:0.2583 | ε:0.2844 | Dist(BC):0.2404
Iter 75 | Loss A:0.2062 B:0.1983 C:0.2583 | ε:0.3225 | Dist(BC):0.2398
Iter 80 | Loss A:0.2064 B:0.1983 C:0.2596 | ε:0.2997 | Dist(BC):0.2422
Iter 85 | Loss A:0.2084 B:0.1983 C:0.2585 | ε:0.2671 | Dist(BC):0.2404
Iter 90 | Loss A:0.2053 B:0.1983 C:0.2579 | ε:0.2759 | Dist(BC):0.2398
Iter 95 | Loss A:0.2054 B:0.1983 C:0.2577 | ε:0.2830 | Dist(BC):0.2397
Iter 100 | Loss A:0.2052 B:0.1983 C:0.2567 | ε:0.2633 | Dist(BC):0.2381

--- 実行 19 / 1000 ---
--- プレラン（事前学習）を開始: 15 イテレーション ---
プレラン完了。計算された固定クリッピング閾値 C = 0.106014

=== 実験開始 (A:DP, B:Baseline, C:CKKS) ===
Iter 01 | Loss A:0.2542 B:0.2445 C:0.2747 | ε:0.3248 | Dist(BC):0.0590
Iter 05 | Loss A:0.2205 B:0.2072 C:0.2797 | ε:0.2716 | Dist(BC):0.1845
Iter 10 | Loss A:0.2198 B:0.2003 C:0.2819 | ε:0.2894 | Dist(BC):0.2367
Iter 15 | Loss A:0.2187 B:0.1990 C:0.2746 | ε:0.3150 | Dist(BC):0.2440
Iter 20 | Loss A:0.2023 B:0.1986 C:0.2709 | ε:0.3079 | Dist(BC):0.2458
Iter 25 | Loss A:0.2035 B:0.1984 C:0.2683 | ε:0.2750 | Dist(BC):0.2459
Iter 30 | Loss A:0.2066 B:0.1984 C:0.2686 | ε:0.2615 | Dist(BC):0.2496
Iter 35 | Loss A:0.2075 B:0.1983 C:0.2655 | ε:0.2879 | Dist(BC):0.2464
Iter 40 | Loss A:0.2108 B:0.1983 C:0.2649 | ε:0.2981 | Dist(BC):0.2462
Iter 45 | Loss A:0.2059 B:0.1983 C:0.2624 | ε:0.2960 | Dist(BC):0.2418
Iter 50 | Loss A:0.2071 B:0.1983 C:0.2622 | ε:0.2861 | Dist(BC):0.2417
Iter 55 | Loss A:0.2058 B:0.1983 C:0.2618 | ε:0.3008 | Dist(BC):0.2420
Iter 60 | Loss A:0.2054 B:0.1983 C:0.2593 | ε:0.3086 | Dist(BC):0.2375
Iter 65 | Loss A:0.2066 B:0.1983 C:0.2578 | ε:0.2738 | Dist(BC):0.2349
Iter 70 | Loss A:0.2078 B:0.1983 C:0.2568 | ε:0.2765 | Dist(BC):0.2336
Iter 75 | Loss A:0.2077 B:0.1983 C:0.2561 | ε:0.2858 | Dist(BC):0.2329
Iter 80 | Loss A:0.2043 B:0.1983 C:0.2549 | ε:0.2813 | Dist(BC):0.2309
Iter 85 | Loss A:0.2057 B:0.1983 C:0.2551 | ε:0.2978 | Dist(BC):0.2311
Iter 90 | Loss A:0.2067 B:0.1983 C:0.2549 | ε:0.2885 | Dist(BC):0.2308
Iter 95 | Loss A:0.2036 B:0.1983 C:0.2544 | ε:0.2528 | Dist(BC):0.2292
Iter 100 | Loss A:0.2046 B:0.1983 C:0.2540 | ε:0.2618 | Dist(BC):0.2286

--- 実行 20 / 1000 ---
--- プレラン（事前学習）を開始: 15 イテレーション ---
プレラン完了。計算された固定クリッピング閾値 C = 0.106014

=== 実験開始 (A:DP, B:Baseline, C:CKKS) ===
Iter 01 | Loss A:0.2537 B:0.2445 C:0.2748 | ε:0.2826 | Dist(BC):0.0593
Iter 05 | Loss A:0.2312 B:0.2072 C:0.2781 | ε:0.3011 | Dist(BC):0.1821
Iter 10 | Loss A:0.2377 B:0.2003 C:0.2762 | ε:0.2944 | Dist(BC):0.2292
Iter 15 | Loss A:0.2243 B:0.1990 C:0.2729 | ε:0.2969 | Dist(BC):0.2427
Iter 20 | Loss A:0.2238 B:0.1986 C:0.2717 | ε:0.2875 | Dist(BC):0.2503
Iter 25 | Loss A:0.2147 B:0.1984 C:0.2670 | ε:0.2758 | Dist(BC):0.2468
Iter 30 | Loss A:0.2089 B:0.1984 C:0.2689 | ε:0.3010 | Dist(BC):0.2521
Iter 35 | Loss A:0.2113 B:0.1983 C:0.2667 | ε:0.2865 | Dist(BC):0.2502
Iter 40 | Loss A:0.2081 B:0.1983 C:0.2671 | ε:0.2706 | Dist(BC):0.2519
Iter 45 | Loss A:0.2070 B:0.1983 C:0.2657 | ε:0.2898 | Dist(BC):0.2510
Iter 50 | Loss A:0.2075 B:0.1983 C:0.2648 | ε:0.2940 | Dist(BC):0.2502
Iter 55 | Loss A:0.2009 B:0.1983 C:0.2632 | ε:0.2732 | Dist(BC):0.2478
Iter 60 | Loss A:0.2000 B:0.1983 C:0.2621 | ε:0.2544 | Dist(BC):0.2460
Iter 65 | Loss A:0.2015 B:0.1983 C:0.2606 | ε:0.2619 | Dist(BC):0.2439
Iter 70 | Loss A:0.2022 B:0.1983 C:0.2606 | ε:0.2837 | Dist(BC):0.2448
Iter 75 | Loss A:0.2019 B:0.1983 C:0.2611 | ε:0.3181 | Dist(BC):0.2461
Iter 80 | Loss A:0.2049 B:0.1983 C:0.2599 | ε:0.2879 | Dist(BC):0.2438
Iter 85 | Loss A:0.2042 B:0.1983 C:0.2590 | ε:0.2629 | Dist(BC):0.2420
Iter 90 | Loss A:0.2039 B:0.1983 C:0.2593 | ε:0.2629 | Dist(BC):0.2428
Iter 95 | Loss A:0.2050 B:0.1983 C:0.2577 | ε:0.2769 | Dist(BC):0.2394
Iter 100 | Loss A:0.2049 B:0.1983 C:0.2574 | ε:0.2926 | Dist(BC):0.2384

--- 実行 21 / 1000 ---
--- プレラン（事前学習）を開始: 15 イテレーション ---
プレラン完了。計算された固定クリッピング閾値 C = 0.106014

=== 実験開始 (A:DP, B:Baseline, C:CKKS) ===
Iter 01 | Loss A:0.2308 B:0.2445 C:0.2763 | ε:0.2613 | Dist(BC):0.0617
Iter 05 | Loss A:0.2221 B:0.2072 C:0.2812 | ε:0.2316 | Dist(BC):0.1862
Iter 10 | Loss A:0.2051 B:0.2003 C:0.2779 | ε:0.2377 | Dist(BC):0.2289
Iter 15 | Loss A:0.2361 B:0.1990 C:0.2747 | ε:0.2783 | Dist(BC):0.2419
Iter 20 | Loss A:0.2043 B:0.1986 C:0.2789 | ε:0.3248 | Dist(BC):0.2573
Iter 25 | Loss A:0.2110 B:0.1984 C:0.2793 | ε:0.3260 | Dist(BC):0.2637
Iter 30 | Loss A:0.2053 B:0.1984 C:0.2792 | ε:0.2973 | Dist(BC):0.2666
Iter 35 | Loss A:0.2038 B:0.1983 C:0.2753 | ε:0.3033 | Dist(BC):0.2622
Iter 40 | Loss A:0.2092 B:0.1983 C:0.2725 | ε:0.3299 | Dist(BC):0.2589
Iter 45 | Loss A:0.2121 B:0.1983 C:0.2702 | ε:0.2874 | Dist(BC):0.2559
Iter 50 | Loss A:0.2063 B:0.1983 C:0.2691 | ε:0.2695 | Dist(BC):0.2546
Iter 55 | Loss A:0.2019 B:0.1983 C:0.2681 | ε:0.2763 | Dist(BC):0.2530
Iter 60 | Loss A:0.2002 B:0.1983 C:0.2677 | ε:0.2955 | Dist(BC):0.2532
Iter 65 | Loss A:0.2041 B:0.1983 C:0.2674 | ε:0.3060 | Dist(BC):0.2530
Iter 70 | Loss A:0.2045 B:0.1983 C:0.2676 | ε:0.2838 | Dist(BC):0.2539
Iter 75 | Loss A:0.2013 B:0.1983 C:0.2664 | ε:0.2835 | Dist(BC):0.2522
Iter 80 | Loss A:0.2066 B:0.1983 C:0.2659 | ε:0.2953 | Dist(BC):0.2513
Iter 85 | Loss A:0.2035 B:0.1983 C:0.2657 | ε:0.2890 | Dist(BC):0.2519
Iter 90 | Loss A:0.2027 B:0.1983 C:0.2646 | ε:0.2760 | Dist(BC):0.2499
Iter 95 | Loss A:0.2008 B:0.1983 C:0.2639 | ε:0.2824 | Dist(BC):0.2492
Iter 100 | Loss A:0.2011 B:0.1983 C:0.2628 | ε:0.3015 | Dist(BC):0.2473

--- 実行 22 / 1000 ---
--- プレラン（事前学習）を開始: 15 イテレーション ---
プレラン完了。計算された固定クリッピング閾値 C = 0.106014

=== 実験開始 (A:DP, B:Baseline, C:CKKS) ===
Iter 01 | Loss A:0.2508 B:0.2445 C:0.2748 | ε:0.2744 | Dist(BC):0.0593
Iter 05 | Loss A:0.2032 B:0.2072 C:0.2748 | ε:0.2671 | Dist(BC):0.1776
Iter 10 | Loss A:0.2077 B:0.2003 C:0.2689 | ε:0.2896 | Dist(BC):0.2157
Iter 15 | Loss A:0.2095 B:0.1990 C:0.2687 | ε:0.2817 | Dist(BC):0.2339
Iter 20 | Loss A:0.2172 B:0.1986 C:0.2686 | ε:0.2497 | Dist(BC):0.2432
Iter 25 | Loss A:0.2115 B:0.1984 C:0.2689 | ε:0.2716 | Dist(BC):0.2486
Iter 30 | Loss A:0.2178 B:0.1984 C:0.2678 | ε:0.2806 | Dist(BC):0.2488
Iter 35 | Loss A:0.2122 B:0.1983 C:0.2647 | ε:0.2618 | Dist(BC):0.2443
Iter 40 | Loss A:0.2161 B:0.1983 C:0.2620 | ε:0.2598 | Dist(BC):0.2415
Iter 45 | Loss A:0.2072 B:0.1983 C:0.2594 | ε:0.2998 | Dist(BC):0.2378
Iter 50 | Loss A:0.2018 B:0.1983 C:0.2585 | ε:0.3437 | Dist(BC):0.2365
Iter 55 | Loss A:0.2041 B:0.1983 C:0.2569 | ε:0.3172 | Dist(BC):0.2334
Iter 60 | Loss A:0.2019 B:0.1983 C:0.2553 | ε:0.3028 | Dist(BC):0.2305
Iter 65 | Loss A:0.2021 B:0.1983 C:0.2543 | ε:0.2768 | Dist(BC):0.2285
Iter 70 | Loss A:0.2040 B:0.1983 C:0.2544 | ε:0.2661 | Dist(BC):0.2288
Iter 75 | Loss A:0.2019 B:0.1983 C:0.2538 | ε:0.2672 | Dist(BC):0.2271
Iter 80 | Loss A:0.2024 B:0.1983 C:0.2533 | ε:0.3011 | Dist(BC):0.2258
Iter 85 | Loss A:0.2026 B:0.1983 C:0.2531 | ε:0.3217 | Dist(BC):0.2257
Iter 90 | Loss A:0.2041 B:0.1983 C:0.2538 | ε:0.3114 | Dist(BC):0.2275
Iter 95 | Loss A:0.2040 B:0.1983 C:0.2530 | ε:0.3290 | Dist(BC):0.2266
Iter 100 | Loss A:0.2023 B:0.1983 C:0.2525 | ε:0.3168 | Dist(BC):0.2258

--- 実行 23 / 1000 ---
--- プレラン（事前学習）を開始: 15 イテレーション ---
プレラン完了。計算された固定クリッピング閾値 C = 0.106014

=== 実験開始 (A:DP, B:Baseline, C:CKKS) ===
Iter 01 | Loss A:0.2483 B:0.2445 C:0.2723 | ε:0.6428 | Dist(BC):0.0549
Iter 05 | Loss A:0.2272 B:0.2072 C:0.2715 | ε:0.2976 | Dist(BC):0.1718
Iter 10 | Loss A:0.2204 B:0.2003 C:0.2716 | ε:0.2997 | Dist(BC):0.2209
Iter 15 | Loss A:0.2407 B:0.1990 C:0.2691 | ε:0.2696 | Dist(BC):0.2354
Iter 20 | Loss A:0.2384 B:0.1986 C:0.2663 | ε:0.2583 | Dist(BC):0.2408
Iter 25 | Loss A:0.2283 B:0.1984 C:0.2654 | ε:0.2706 | Dist(BC):0.2437
Iter 30 | Loss A:0.2228 B:0.1984 C:0.2644 | ε:0.2839 | Dist(BC):0.2460
Iter 35 | Loss A:0.2209 B:0.1983 C:0.2623 | ε:0.2934 | Dist(BC):0.2437
Iter 40 | Loss A:0.2198 B:0.1983 C:0.2596 | ε:0.2961 | Dist(BC):0.2401
Iter 45 | Loss A:0.2136 B:0.1983 C:0.2611 | ε:0.3160 | Dist(BC):0.2435
Iter 50 | Loss A:0.2223 B:0.1983 C:0.2605 | ε:0.3065 | Dist(BC):0.2431
Iter 55 | Loss A:0.2193 B:0.1983 C:0.2610 | ε:0.2721 | Dist(BC):0.2448
Iter 60 | Loss A:0.2201 B:0.1983 C:0.2604 | ε:0.2797 | Dist(BC):0.2436
Iter 65 | Loss A:0.2156 B:0.1983 C:0.2592 | ε:0.2882 | Dist(BC):0.2412
Iter 70 | Loss A:0.2098 B:0.1983 C:0.2595 | ε:0.2727 | Dist(BC):0.2418
Iter 75 | Loss A:0.2077 B:0.1983 C:0.2610 | ε:0.2865 | Dist(BC):0.2442
Iter 80 | Loss A:0.2040 B:0.1983 C:0.2612 | ε:0.3208 | Dist(BC):0.2442
Iter 85 | Loss A:0.2051 B:0.1983 C:0.2603 | ε:0.2967 | Dist(BC):0.2425
Iter 90 | Loss A:0.2039 B:0.1983 C:0.2597 | ε:0.2758 | Dist(BC):0.2417
Iter 95 | Loss A:0.2057 B:0.1983 C:0.2576 | ε:0.2763 | Dist(BC):0.2378
Iter 100 | Loss A:0.2047 B:0.1983 C:0.2570 | ε:0.2757 | Dist(BC):0.2370

--- 実行 24 / 1000 ---
--- プレラン（事前学習）を開始: 15 イテレーション ---
プレラン完了。計算された固定クリッピング閾値 C = 0.106014

=== 実験開始 (A:DP, B:Baseline, C:CKKS) ===
Iter 01 | Loss A:0.2537 B:0.2445 C:0.2738 | ε:0.2318 | Dist(BC):0.0576
Iter 05 | Loss A:0.2187 B:0.2072 C:0.2699 | ε:0.3002 | Dist(BC):0.1690
Iter 10 | Loss A:0.2084 B:0.2003 C:0.2692 | ε:0.3082 | Dist(BC):0.2167
Iter 15 | Loss A:0.2107 B:0.1990 C:0.2669 | ε:0.3211 | Dist(BC):0.2329
Iter 20 | Loss A:0.2130 B:0.1986 C:0.2632 | ε:0.2995 | Dist(BC):0.2358
Iter 25 | Loss A:0.2095 B:0.1984 C:0.2650 | ε:0.2946 | Dist(BC):0.2446
Iter 30 | Loss A:0.2229 B:0.1984 C:0.2671 | ε:0.3231 | Dist(BC):0.2517
Iter 35 | Loss A:0.2162 B:0.1983 C:0.2649 | ε:0.3224 | Dist(BC):0.2499
Iter 40 | Loss A:0.2106 B:0.1983 C:0.2632 | ε:0.3059 | Dist(BC):0.2475
Iter 45 | Loss A:0.2043 B:0.1983 C:0.2647 | ε:0.2985 | Dist(BC):0.2520
Iter 50 | Loss A:0.2046 B:0.1983 C:0.2641 | ε:0.2999 | Dist(BC):0.2518
Iter 55 | Loss A:0.2039 B:0.1983 C:0.2631 | ε:0.2691 | Dist(BC):0.2507
Iter 60 | Loss A:0.2022 B:0.1983 C:0.2618 | ε:0.2676 | Dist(BC):0.2481
Iter 65 | Loss A:0.2033 B:0.1983 C:0.2624 | ε:0.3228 | Dist(BC):0.2499
Iter 70 | Loss A:0.2050 B:0.1983 C:0.2627 | ε:0.2871 | Dist(BC):0.2509
Iter 75 | Loss A:0.2055 B:0.1983 C:0.2623 | ε:0.2697 | Dist(BC):0.2505
Iter 80 | Loss A:0.2075 B:0.1983 C:0.2611 | ε:0.3222 | Dist(BC):0.2474
Iter 85 | Loss A:0.2075 B:0.1983 C:0.2609 | ε:0.3228 | Dist(BC):0.2476
Iter 90 | Loss A:0.2072 B:0.1983 C:0.2595 | ε:0.2785 | Dist(BC):0.2455
Iter 95 | Loss A:0.2060 B:0.1983 C:0.2590 | ε:0.2497 | Dist(BC):0.2447
Iter 100 | Loss A:0.2050 B:0.1983 C:0.2583 | ε:0.2686 | Dist(BC):0.2428

--- 実行 25 / 1000 ---
--- プレラン（事前学習）を開始: 15 イテレーション ---
プレラン完了。計算された固定クリッピング閾値 C = 0.106014

=== 実験開始 (A:DP, B:Baseline, C:CKKS) ===
Iter 01 | Loss A:0.2282 B:0.2445 C:0.2733 | ε:0.2386 | Dist(BC):0.0567
Iter 05 | Loss A:0.2293 B:0.2072 C:0.2705 | ε:0.2903 | Dist(BC):0.1690
Iter 10 | Loss A:0.2153 B:0.2003 C:0.2655 | ε:0.2807 | Dist(BC):0.2106
Iter 15 | Loss A:0.2236 B:0.1990 C:0.2645 | ε:0.2719 | Dist(BC):0.2289
Iter 20 | Loss A:0.2202 B:0.1986 C:0.2620 | ε:0.2901 | Dist(BC):0.2322
Iter 25 | Loss A:0.2053 B:0.1984 C:0.2614 | ε:0.2884 | Dist(BC):0.2375
Iter 30 | Loss A:0.2012 B:0.1984 C:0.2619 | ε:0.3194 | Dist(BC):0.2412
Iter 35 | Loss A:0.2012 B:0.1983 C:0.2586 | ε:0.3409 | Dist(BC):0.2365
Iter 40 | Loss A:0.2058 B:0.1983 C:0.2589 | ε:0.2775 | Dist(BC):0.2385
Iter 45 | Loss A:0.2014 B:0.1983 C:0.2574 | ε:0.2812 | Dist(BC):0.2377
Iter 50 | Loss A:0.2009 B:0.1983 C:0.2580 | ε:0.2755 | Dist(BC):0.2392
Iter 55 | Loss A:0.2028 B:0.1983 C:0.2568 | ε:0.2570 | Dist(BC):0.2374
Iter 60 | Loss A:0.2086 B:0.1983 C:0.2554 | ε:0.2687 | Dist(BC):0.2346
Iter 65 | Loss A:0.2064 B:0.1983 C:0.2557 | ε:0.2994 | Dist(BC):0.2357
Iter 70 | Loss A:0.2050 B:0.1983 C:0.2543 | ε:0.3429 | Dist(BC):0.2334
Iter 75 | Loss A:0.2045 B:0.1983 C:0.2547 | ε:0.3250 | Dist(BC):0.2351
Iter 80 | Loss A:0.2049 B:0.1983 C:0.2530 | ε:0.3012 | Dist(BC):0.2316
Iter 85 | Loss A:0.2047 B:0.1983 C:0.2527 | ε:0.2968 | Dist(BC):0.2313
Iter 90 | Loss A:0.2063 B:0.1983 C:0.2531 | ε:0.2862 | Dist(BC):0.2320
Iter 95 | Loss A:0.2047 B:0.1983 C:0.2527 | ε:0.2977 | Dist(BC):0.2314
Iter 100 | Loss A:0.2047 B:0.1983 C:0.2526 | ε:0.3079 | Dist(BC):0.2311

--- 実行 26 / 1000 ---
--- プレラン（事前学習）を開始: 15 イテレーション ---
プレラン完了。計算された固定クリッピング閾値 C = 0.106014

=== 実験開始 (A:DP, B:Baseline, C:CKKS) ===
Iter 01 | Loss A:0.2612 B:0.2445 C:0.2759 | ε:0.2421 | Dist(BC):0.0611
Iter 05 | Loss A:0.2336 B:0.2072 C:0.2793 | ε:0.3295 | Dist(BC):0.1850
Iter 10 | Loss A:0.2347 B:0.2003 C:0.2802 | ε:0.3176 | Dist(BC):0.2388
Iter 15 | Loss A:0.2209 B:0.1990 C:0.2773 | ε:0.3032 | Dist(BC):0.2540
Iter 20 | Loss A:0.2126 B:0.1986 C:0.2794 | ε:0.2884 | Dist(BC):0.2673
Iter 25 | Loss A:0.2116 B:0.1984 C:0.2775 | ε:0.3064 | Dist(BC):0.2688
Iter 30 | Loss A:0.2074 B:0.1984 C:0.2755 | ε:0.3100 | Dist(BC):0.2688
Iter 35 | Loss A:0.2069 B:0.1983 C:0.2746 | ε:0.2767 | Dist(BC):0.2696
Iter 40 | Loss A:0.2087 B:0.1983 C:0.2719 | ε:0.2746 | Dist(BC):0.2662
Iter 45 | Loss A:0.2126 B:0.1983 C:0.2698 | ε:0.2956 | Dist(BC):0.2644
Iter 50 | Loss A:0.2099 B:0.1983 C:0.2692 | ε:0.2994 | Dist(BC):0.2645
Iter 55 | Loss A:0.2071 B:0.1983 C:0.2696 | ε:0.2892 | Dist(BC):0.2660
Iter 60 | Loss A:0.2049 B:0.1983 C:0.2679 | ε:0.3237 | Dist(BC):0.2632
Iter 65 | Loss A:0.2080 B:0.1983 C:0.2694 | ε:0.3296 | Dist(BC):0.2661
Iter 70 | Loss A:0.2031 B:0.1983 C:0.2685 | ε:0.3034 | Dist(BC):0.2647
Iter 75 | Loss A:0.2026 B:0.1983 C:0.2668 | ε:0.3183 | Dist(BC):0.2615
Iter 80 | Loss A:0.2017 B:0.1983 C:0.2656 | ε:0.2981 | Dist(BC):0.2599
Iter 85 | Loss A:0.2030 B:0.1983 C:0.2661 | ε:0.2614 | Dist(BC):0.2610
Iter 90 | Loss A:0.2012 B:0.1983 C:0.2647 | ε:0.2657 | Dist(BC):0.2582
Iter 95 | Loss A:0.2025 B:0.1983 C:0.2643 | ε:0.2792 | Dist(BC):0.2578
Iter 100 | Loss A:0.2021 B:0.1983 C:0.2634 | ε:0.3000 | Dist(BC):0.2560

--- 実行 27 / 1000 ---
--- プレラン（事前学習）を開始: 15 イテレーション ---
プレラン完了。計算された固定クリッピング閾値 C = 0.106014

=== 実験開始 (A:DP, B:Baseline, C:CKKS) ===
Iter 01 | Loss A:0.2515 B:0.2445 C:0.2779 | ε:0.2859 | Dist(BC):0.0644
Iter 05 | Loss A:0.2147 B:0.2072 C:0.2773 | ε:0.2802 | Dist(BC):0.1802
Iter 10 | Loss A:0.2119 B:0.2003 C:0.2762 | ε:0.2712 | Dist(BC):0.2281
Iter 15 | Loss A:0.2079 B:0.1990 C:0.2721 | ε:0.2595 | Dist(BC):0.2412
Iter 20 | Loss A:0.2051 B:0.1986 C:0.2696 | ε:0.2566 | Dist(BC):0.2458
Iter 25 | Loss A:0.2035 B:0.1984 C:0.2691 | ε:0.2545 | Dist(BC):0.2495
Iter 30 | Loss A:0.2073 B:0.1984 C:0.2654 | ε:0.3010 | Dist(BC):0.2458
Iter 35 | Loss A:0.2061 B:0.1983 C:0.2664 | ε:0.3159 | Dist(BC):0.2498
Iter 40 | Loss A:0.2092 B:0.1983 C:0.2652 | ε:0.2611 | Dist(BC):0.2490
Iter 45 | Loss A:0.2122 B:0.1983 C:0.2648 | ε:0.2766 | Dist(BC):0.2497
Iter 50 | Loss A:0.2140 B:0.1983 C:0.2651 | ε:0.3015 | Dist(BC):0.2504
Iter 55 | Loss A:0.2112 B:0.1983 C:0.2659 | ε:0.2960 | Dist(BC):0.2522
Iter 60 | Loss A:0.2058 B:0.1983 C:0.2641 | ε:0.2975 | Dist(BC):0.2492
Iter 65 | Loss A:0.2040 B:0.1983 C:0.2636 | ε:0.3061 | Dist(BC):0.2486
Iter 70 | Loss A:0.2011 B:0.1983 C:0.2626 | ε:0.3208 | Dist(BC):0.2469
Iter 75 | Loss A:0.2019 B:0.1983 C:0.2611 | ε:0.3255 | Dist(BC):0.2443
Iter 80 | Loss A:0.2056 B:0.1983 C:0.2615 | ε:0.3008 | Dist(BC):0.2454
Iter 85 | Loss A:0.2051 B:0.1983 C:0.2613 | ε:0.2766 | Dist(BC):0.2451
Iter 90 | Loss A:0.2088 B:0.1983 C:0.2610 | ε:0.2684 | Dist(BC):0.2450
Iter 95 | Loss A:0.2075 B:0.1983 C:0.2603 | ε:0.2735 | Dist(BC):0.2440
Iter 100 | Loss A:0.2057 B:0.1983 C:0.2599 | ε:0.2903 | Dist(BC):0.2430

--- 実行 28 / 1000 ---
--- プレラン（事前学習）を開始: 15 イテレーション ---
プレラン完了。計算された固定クリッピング閾値 C = 0.106014

=== 実験開始 (A:DP, B:Baseline, C:CKKS) ===
Iter 01 | Loss A:0.2390 B:0.2445 C:0.2732 | ε:0.2764 | Dist(BC):0.0565
Iter 05 | Loss A:0.2257 B:0.2072 C:0.2715 | ε:0.2644 | Dist(BC):0.1714
Iter 10 | Loss A:0.2234 B:0.2003 C:0.2728 | ε:0.2575 | Dist(BC):0.2243
Iter 15 | Loss A:0.2038 B:0.1990 C:0.2646 | ε:0.2630 | Dist(BC):0.2296
Iter 20 | Loss A:0.2046 B:0.1986 C:0.2629 | ε:0.2632 | Dist(BC):0.2349
Iter 25 | Loss A:0.2062 B:0.1984 C:0.2622 | ε:0.2617 | Dist(BC):0.2383
Iter 30 | Loss A:0.2049 B:0.1984 C:0.2611 | ε:0.2786 | Dist(BC):0.2389
Iter 35 | Loss A:0.2034 B:0.1983 C:0.2591 | ε:0.2756 | Dist(BC):0.2366
Iter 40 | Loss A:0.2034 B:0.1983 C:0.2591 | ε:0.2956 | Dist(BC):0.2375
Iter 45 | Loss A:0.2061 B:0.1983 C:0.2584 | ε:0.3255 | Dist(BC):0.2366
Iter 50 | Loss A:0.2081 B:0.1983 C:0.2579 | ε:0.3077 | Dist(BC):0.2366
Iter 55 | Loss A:0.2067 B:0.1983 C:0.2557 | ε:0.2874 | Dist(BC):0.2326
Iter 60 | Loss A:0.2065 B:0.1983 C:0.2540 | ε:0.2822 | Dist(BC):0.2295
Iter 65 | Loss A:0.2096 B:0.1983 C:0.2529 | ε:0.2921 | Dist(BC):0.2275
Iter 70 | Loss A:0.2082 B:0.1983 C:0.2519 | ε:0.2902 | Dist(BC):0.2256
Iter 75 | Loss A:0.2051 B:0.1983 C:0.2526 | ε:0.3177 | Dist(BC):0.2266
Iter 80 | Loss A:0.2046 B:0.1983 C:0.2529 | ε:0.3140 | Dist(BC):0.2274
Iter 85 | Loss A:0.2059 B:0.1983 C:0.2511 | ε:0.2910 | Dist(BC):0.2242
Iter 90 | Loss A:0.2056 B:0.1983 C:0.2509 | ε:0.2833 | Dist(BC):0.2237
Iter 95 | Loss A:0.2059 B:0.1983 C:0.2506 | ε:0.2782 | Dist(BC):0.2230
Iter 100 | Loss A:0.2055 B:0.1983 C:0.2516 | ε:0.2877 | Dist(BC):0.2254

--- 実行 29 / 1000 ---
--- プレラン（事前学習）を開始: 15 イテレーション ---
プレラン完了。計算された固定クリッピング閾値 C = 0.106014

=== 実験開始 (A:DP, B:Baseline, C:CKKS) ===
Iter 01 | Loss A:0.2563 B:0.2445 C:0.2738 | ε:0.3050 | Dist(BC):0.0576
Iter 05 | Loss A:0.2338 B:0.2072 C:0.2702 | ε:0.2635 | Dist(BC):0.1679
Iter 10 | Loss A:0.2098 B:0.2003 C:0.2627 | ε:0.2538 | Dist(BC):0.2048
Iter 15 | Loss A:0.2123 B:0.1990 C:0.2626 | ε:0.2911 | Dist(BC):0.2226
Iter 20 | Loss A:0.2206 B:0.1986 C:0.2609 | ε:0.3446 | Dist(BC):0.2283
Iter 25 | Loss A:0.2313 B:0.1984 C:0.2591 | ε:0.3152 | Dist(BC):0.2295
Iter 30 | Loss A:0.2130 B:0.1984 C:0.2588 | ε:0.3034 | Dist(BC):0.2308
Iter 35 | Loss A:0.2181 B:0.1983 C:0.2573 | ε:0.3028 | Dist(BC):0.2309
Iter 40 | Loss A:0.2151 B:0.1983 C:0.2577 | ε:0.2925 | Dist(BC):0.2329
Iter 45 | Loss A:0.2082 B:0.1983 C:0.2566 | ε:0.2599 | Dist(BC):0.2323
Iter 50 | Loss A:0.2084 B:0.1983 C:0.2558 | ε:0.2510 | Dist(BC):0.2315
Iter 55 | Loss A:0.2081 B:0.1983 C:0.2558 | ε:0.2680 | Dist(BC):0.2321
Iter 60 | Loss A:0.2059 B:0.1983 C:0.2549 | ε:0.3052 | Dist(BC):0.2303
Iter 65 | Loss A:0.2027 B:0.1983 C:0.2538 | ε:0.3146 | Dist(BC):0.2284
Iter 70 | Loss A:0.2038 B:0.1983 C:0.2535 | ε:0.2802 | Dist(BC):0.2281
Iter 75 | Loss A:0.2044 B:0.1983 C:0.2527 | ε:0.2752 | Dist(BC):0.2270
Iter 80 | Loss A:0.2020 B:0.1983 C:0.2509 | ε:0.2868 | Dist(BC):0.2233
Iter 85 | Loss A:0.2041 B:0.1983 C:0.2507 | ε:0.2844 | Dist(BC):0.2233
Iter 90 | Loss A:0.2040 B:0.1983 C:0.2497 | ε:0.2895 | Dist(BC):0.2221
Iter 95 | Loss A:0.2030 B:0.1983 C:0.2484 | ε:0.2897 | Dist(BC):0.2191
Iter 100 | Loss A:0.2051 B:0.1983 C:0.2474 | ε:0.2751 | Dist(BC):0.2172

--- 実行 30 / 1000 ---
--- プレラン（事前学習）を開始: 15 イテレーション ---
プレラン完了。計算された固定クリッピング閾値 C = 0.106014

=== 実験開始 (A:DP, B:Baseline, C:CKKS) ===
Iter 01 | Loss A:0.2503 B:0.2445 C:0.2745 | ε:0.2242 | Dist(BC):0.0588
Iter 05 | Loss A:0.2519 B:0.2072 C:0.2742 | ε:0.2979 | Dist(BC):0.1755
Iter 10 | Loss A:0.2327 B:0.2003 C:0.2720 | ε:0.2697 | Dist(BC):0.2214
Iter 15 | Loss A:0.2126 B:0.1990 C:0.2701 | ε:0.2527 | Dist(BC):0.2367
Iter 20 | Loss A:0.2138 B:0.1986 C:0.2706 | ε:0.2603 | Dist(BC):0.2469
Iter 25 | Loss A:0.2139 B:0.1984 C:0.2693 | ε:0.2519 | Dist(BC):0.2496
Iter 30 | Loss A:0.2141 B:0.1984 C:0.2705 | ε:0.2745 | Dist(BC):0.2553
Iter 35 | Loss A:0.2023 B:0.1983 C:0.2691 | ε:0.3055 | Dist(BC):0.2551
Iter 40 | Loss A:0.2047 B:0.1983 C:0.2665 | ε:0.3120 | Dist(BC):0.2517
Iter 45 | Loss A:0.2064 B:0.1983 C:0.2663 | ε:0.2919 | Dist(BC):0.2522
Iter 50 | Loss A:0.2043 B:0.1983 C:0.2676 | ε:0.2577 | Dist(BC):0.2549
Iter 55 | Loss A:0.2050 B:0.1983 C:0.2669 | ε:0.2824 | Dist(BC):0.2542
Iter 60 | Loss A:0.2038 B:0.1983 C:0.2668 | ε:0.2581 | Dist(BC):0.2546
Iter 65 | Loss A:0.2081 B:0.1983 C:0.2670 | ε:0.2357 | Dist(BC):0.2553
Iter 70 | Loss A:0.2114 B:0.1983 C:0.2681 | ε:0.2685 | Dist(BC):0.2575
Iter 75 | Loss A:0.2082 B:0.1983 C:0.2673 | ε:0.2670 | Dist(BC):0.2566
Iter 80 | Loss A:0.2088 B:0.1983 C:0.2663 | ε:0.2675 | Dist(BC):0.2557
Iter 85 | Loss A:0.2064 B:0.1983 C:0.2655 | ε:0.2918 | Dist(BC):0.2544
Iter 90 | Loss A:0.2069 B:0.1983 C:0.2653 | ε:0.3009 | Dist(BC):0.2541
Iter 95 | Loss A:0.2069 B:0.1983 C:0.2649 | ε:0.2748 | Dist(BC):0.2537
Iter 100 | Loss A:0.2068 B:0.1983 C:0.2647 | ε:0.2371 | Dist(BC):0.2529

--- 実行 31 / 1000 ---
--- プレラン（事前学習）を開始: 15 イテレーション ---
プレラン完了。計算された固定クリッピング閾値 C = 0.106014

=== 実験開始 (A:DP, B:Baseline, C:CKKS) ===
Iter 01 | Loss A:0.2532 B:0.2445 C:0.2732 | ε:0.2626 | Dist(BC):0.0565
Iter 05 | Loss A:0.2166 B:0.2072 C:0.2712 | ε:0.3385 | Dist(BC):0.1700
Iter 10 | Loss A:0.2141 B:0.2003 C:0.2702 | ε:0.3041 | Dist(BC):0.2199
Iter 15 | Loss A:0.2270 B:0.1990 C:0.2692 | ε:0.2774 | Dist(BC):0.2381
Iter 20 | Loss A:0.2279 B:0.1986 C:0.2674 | ε:0.3010 | Dist(BC):0.2453
Iter 25 | Loss A:0.2211 B:0.1984 C:0.2649 | ε:0.2956 | Dist(BC):0.2469
Iter 30 | Loss A:0.2136 B:0.1984 C:0.2644 | ε:0.2928 | Dist(BC):0.2486
Iter 35 | Loss A:0.2103 B:0.1983 C:0.2656 | ε:0.2898 | Dist(BC):0.2530
Iter 40 | Loss A:0.2065 B:0.1983 C:0.2639 | ε:0.2898 | Dist(BC):0.2517
Iter 45 | Loss A:0.2051 B:0.1983 C:0.2628 | ε:0.2895 | Dist(BC):0.2494
Iter 50 | Loss A:0.2057 B:0.1983 C:0.2605 | ε:0.2848 | Dist(BC):0.2458
Iter 55 | Loss A:0.2074 B:0.1983 C:0.2598 | ε:0.3086 | Dist(BC):0.2443
Iter 60 | Loss A:0.2048 B:0.1983 C:0.2594 | ε:0.2879 | Dist(BC):0.2440
Iter 65 | Loss A:0.2059 B:0.1983 C:0.2588 | ε:0.2511 | Dist(BC):0.2433
Iter 70 | Loss A:0.2063 B:0.1983 C:0.2576 | ε:0.2564 | Dist(BC):0.2406
Iter 75 | Loss A:0.2071 B:0.1983 C:0.2578 | ε:0.3098 | Dist(BC):0.2416
Iter 80 | Loss A:0.2096 B:0.1983 C:0.2570 | ε:0.3091 | Dist(BC):0.2399
Iter 85 | Loss A:0.2130 B:0.1983 C:0.2569 | ε:0.2916 | Dist(BC):0.2397
Iter 90 | Loss A:0.2090 B:0.1983 C:0.2557 | ε:0.2811 | Dist(BC):0.2373
Iter 95 | Loss A:0.2085 B:0.1983 C:0.2546 | ε:0.2743 | Dist(BC):0.2347
Iter 100 | Loss A:0.2078 B:0.1983 C:0.2553 | ε:0.2771 | Dist(BC):0.2363

--- 実行 32 / 1000 ---
--- プレラン（事前学習）を開始: 15 イテレーション ---
プレラン完了。計算された固定クリッピング閾値 C = 0.106014

=== 実験開始 (A:DP, B:Baseline, C:CKKS) ===
Iter 01 | Loss A:0.2778 B:0.2445 C:0.2748 | ε:0.3888 | Dist(BC):0.0593
Iter 05 | Loss A:0.2170 B:0.2072 C:0.2821 | ε:0.3124 | Dist(BC):0.1901
Iter 10 | Loss A:0.2067 B:0.2003 C:0.2788 | ε:0.3037 | Dist(BC):0.2355
Iter 15 | Loss A:0.2223 B:0.1990 C:0.2793 | ε:0.2924 | Dist(BC):0.2566
Iter 20 | Loss A:0.2140 B:0.1986 C:0.2800 | ε:0.3040 | Dist(BC):0.2668
Iter 25 | Loss A:0.2191 B:0.1984 C:0.2805 | ε:0.3080 | Dist(BC):0.2729
Iter 30 | Loss A:0.2259 B:0.1984 C:0.2808 | ε:0.2860 | Dist(BC):0.2755
Iter 35 | Loss A:0.2129 B:0.1983 C:0.2805 | ε:0.2860 | Dist(BC):0.2772
Iter 40 | Loss A:0.2100 B:0.1983 C:0.2801 | ε:0.2942 | Dist(BC):0.2777
Iter 45 | Loss A:0.2128 B:0.1983 C:0.2791 | ε:0.3046 | Dist(BC):0.2778
Iter 50 | Loss A:0.2087 B:0.1983 C:0.2753 | ε:0.3141 | Dist(BC):0.2719
Iter 55 | Loss A:0.2089 B:0.1983 C:0.2737 | ε:0.2598 | Dist(BC):0.2697
Iter 60 | Loss A:0.2039 B:0.1983 C:0.2721 | ε:0.2573 | Dist(BC):0.2674
Iter 65 | Loss A:0.2049 B:0.1983 C:0.2710 | ε:0.2966 | Dist(BC):0.2659
Iter 70 | Loss A:0.2043 B:0.1983 C:0.2703 | ε:0.2953 | Dist(BC):0.2654
Iter 75 | Loss A:0.2027 B:0.1983 C:0.2691 | ε:0.3173 | Dist(BC):0.2635
Iter 80 | Loss A:0.2042 B:0.1983 C:0.2684 | ε:0.2817 | Dist(BC):0.2630
Iter 85 | Loss A:0.2049 B:0.1983 C:0.2678 | ε:0.2625 | Dist(BC):0.2616
Iter 90 | Loss A:0.2075 B:0.1983 C:0.2679 | ε:0.3279 | Dist(BC):0.2614
Iter 95 | Loss A:0.2107 B:0.1983 C:0.2674 | ε:0.3481 | Dist(BC):0.2608
Iter 100 | Loss A:0.2053 B:0.1983 C:0.2676 | ε:0.2879 | Dist(BC):0.2615

--- 実行 33 / 1000 ---
--- プレラン（事前学習）を開始: 15 イテレーション ---
プレラン完了。計算された固定クリッピング閾値 C = 0.106014

=== 実験開始 (A:DP, B:Baseline, C:CKKS) ===
Iter 01 | Loss A:0.2632 B:0.2445 C:0.2740 | ε:0.2548 | Dist(BC):0.0579
Iter 05 | Loss A:0.2114 B:0.2072 C:0.2727 | ε:0.3204 | Dist(BC):0.1725
Iter 10 | Loss A:0.2083 B:0.2003 C:0.2685 | ε:0.3071 | Dist(BC):0.2174
Iter 15 | Loss A:0.2039 B:0.1990 C:0.2627 | ε:0.2915 | Dist(BC):0.2273
Iter 20 | Loss A:0.2160 B:0.1986 C:0.2618 | ε:0.2550 | Dist(BC):0.2339
Iter 25 | Loss A:0.2126 B:0.1984 C:0.2602 | ε:0.2531 | Dist(BC):0.2356
Iter 30 | Loss A:0.2089 B:0.1984 C:0.2607 | ε:0.2862 | Dist(BC):0.2407
Iter 35 | Loss A:0.2083 B:0.1983 C:0.2572 | ε:0.3019 | Dist(BC):0.2366
Iter 40 | Loss A:0.2072 B:0.1983 C:0.2575 | ε:0.2877 | Dist(BC):0.2384
Iter 45 | Loss A:0.2022 B:0.1983 C:0.2564 | ε:0.2843 | Dist(BC):0.2373
Iter 50 | Loss A:0.2047 B:0.1983 C:0.2568 | ε:0.3146 | Dist(BC):0.2397
Iter 55 | Loss A:0.2066 B:0.1983 C:0.2551 | ε:0.2948 | Dist(BC):0.2363
Iter 60 | Loss A:0.2042 B:0.1983 C:0.2541 | ε:0.3067 | Dist(BC):0.2359
Iter 65 | Loss A:0.2024 B:0.1983 C:0.2551 | ε:0.3189 | Dist(BC):0.2381
Iter 70 | Loss A:0.2036 B:0.1983 C:0.2538 | ε:0.2813 | Dist(BC):0.2362
Iter 75 | Loss A:0.2053 B:0.1983 C:0.2532 | ε:0.2712 | Dist(BC):0.2350
Iter 80 | Loss A:0.2055 B:0.1983 C:0.2527 | ε:0.2817 | Dist(BC):0.2340
Iter 85 | Loss A:0.2025 B:0.1983 C:0.2517 | ε:0.2882 | Dist(BC):0.2321
Iter 90 | Loss A:0.2019 B:0.1983 C:0.2519 | ε:0.3504 | Dist(BC):0.2326
Iter 95 | Loss A:0.2007 B:0.1983 C:0.2509 | ε:0.4012 | Dist(BC):0.2308
Iter 100 | Loss A:0.2008 B:0.1983 C:0.2507 | ε:0.3168 | Dist(BC):0.2298

--- 実行 34 / 1000 ---
--- プレラン（事前学習）を開始: 15 イテレーション ---
プレラン完了。計算された固定クリッピング閾値 C = 0.106014

=== 実験開始 (A:DP, B:Baseline, C:CKKS) ===
Iter 01 | Loss A:0.2481 B:0.2445 C:0.2752 | ε:0.2172 | Dist(BC):0.0599
Iter 05 | Loss A:0.2148 B:0.2072 C:0.2717 | ε:0.3059 | Dist(BC):0.1711
Iter 10 | Loss A:0.2150 B:0.2003 C:0.2672 | ε:0.2890 | Dist(BC):0.2127
Iter 15 | Loss A:0.2134 B:0.1990 C:0.2674 | ε:0.2611 | Dist(BC):0.2333
Iter 20 | Loss A:0.2175 B:0.1986 C:0.2644 | ε:0.2560 | Dist(BC):0.2363
Iter 25 | Loss A:0.2260 B:0.1984 C:0.2601 | ε:0.2947 | Dist(BC):0.2326
Iter 30 | Loss A:0.2043 B:0.1984 C:0.2571 | ε:0.2899 | Dist(BC):0.2297
Iter 35 | Loss A:0.2043 B:0.1983 C:0.2557 | ε:0.2824 | Dist(BC):0.2278
Iter 40 | Loss A:0.2028 B:0.1983 C:0.2563 | ε:0.3018 | Dist(BC):0.2295
Iter 45 | Loss A:0.2005 B:0.1983 C:0.2544 | ε:0.2544 | Dist(BC):0.2263
Iter 50 | Loss A:0.2033 B:0.1983 C:0.2547 | ε:0.2424 | Dist(BC):0.2271
Iter 55 | Loss A:0.2055 B:0.1983 C:0.2535 | ε:0.2595 | Dist(BC):0.2257
Iter 60 | Loss A:0.2038 B:0.1983 C:0.2532 | ε:0.2846 | Dist(BC):0.2256
Iter 65 | Loss A:0.2022 B:0.1983 C:0.2531 | ε:0.3064 | Dist(BC):0.2256
Iter 70 | Loss A:0.2020 B:0.1983 C:0.2527 | ε:0.3247 | Dist(BC):0.2246
Iter 75 | Loss A:0.2031 B:0.1983 C:0.2524 | ε:0.3271 | Dist(BC):0.2243
Iter 80 | Loss A:0.1999 B:0.1983 C:0.2522 | ε:0.3066 | Dist(BC):0.2243
Iter 85 | Loss A:0.2004 B:0.1983 C:0.2513 | ε:0.2997 | Dist(BC):0.2224
Iter 90 | Loss A:0.1998 B:0.1983 C:0.2517 | ε:0.2710 | Dist(BC):0.2228
Iter 95 | Loss A:0.1997 B:0.1983 C:0.2522 | ε:0.2598 | Dist(BC):0.2240
Iter 100 | Loss A:0.2004 B:0.1983 C:0.2513 | ε:0.2501 | Dist(BC):0.2217

--- 実行 35 / 1000 ---
--- プレラン（事前学習）を開始: 15 イテレーション ---
プレラン完了。計算された固定クリッピング閾値 C = 0.106014

=== 実験開始 (A:DP, B:Baseline, C:CKKS) ===
Iter 01 | Loss A:0.2497 B:0.2445 C:0.2742 | ε:0.2405 | Dist(BC):0.0582
Iter 05 | Loss A:0.2280 B:0.2072 C:0.2686 | ε:0.2517 | Dist(BC):0.1659
Iter 10 | Loss A:0.2164 B:0.2003 C:0.2683 | ε:0.2759 | Dist(BC):0.2155
Iter 15 | Loss A:0.2102 B:0.1990 C:0.2658 | ε:0.3024 | Dist(BC):0.2310
Iter 20 | Loss A:0.2089 B:0.1986 C:0.2644 | ε:0.2998 | Dist(BC):0.2376
Iter 25 | Loss A:0.2163 B:0.1984 C:0.2682 | ε:0.3198 | Dist(BC):0.2492
Iter 30 | Loss A:0.2156 B:0.1984 C:0.2668 | ε:0.2673 | Dist(BC):0.2487
Iter 35 | Loss A:0.2180 B:0.1983 C:0.2664 | ε:0.2411 | Dist(BC):0.2504
Iter 40 | Loss A:0.2175 B:0.1983 C:0.2658 | ε:0.2908 | Dist(BC):0.2503
Iter 45 | Loss A:0.2090 B:0.1983 C:0.2652 | ε:0.2965 | Dist(BC):0.2498
Iter 50 | Loss A:0.2110 B:0.1983 C:0.2626 | ε:0.2958 | Dist(BC):0.2457
Iter 55 | Loss A:0.2144 B:0.1983 C:0.2638 | ε:0.3028 | Dist(BC):0.2489
Iter 60 | Loss A:0.2163 B:0.1983 C:0.2617 | ε:0.3226 | Dist(BC):0.2457
Iter 65 | Loss A:0.2134 B:0.1983 C:0.2598 | ε:0.3033 | Dist(BC):0.2429
Iter 70 | Loss A:0.2053 B:0.1983 C:0.2603 | ε:0.2890 | Dist(BC):0.2440
Iter 75 | Loss A:0.2043 B:0.1983 C:0.2607 | ε:0.3205 | Dist(BC):0.2451
Iter 80 | Loss A:0.2031 B:0.1983 C:0.2609 | ε:0.2933 | Dist(BC):0.2461
Iter 85 | Loss A:0.2018 B:0.1983 C:0.2593 | ε:0.2641 | Dist(BC):0.2431
Iter 90 | Loss A:0.2028 B:0.1983 C:0.2591 | ε:0.2823 | Dist(BC):0.2428
Iter 95 | Loss A:0.2019 B:0.1983 C:0.2583 | ε:0.3006 | Dist(BC):0.2410
Iter 100 | Loss A:0.2023 B:0.1983 C:0.2591 | ε:0.2775 | Dist(BC):0.2424

--- 実行 36 / 1000 ---
--- プレラン（事前学習）を開始: 15 イテレーション ---
プレラン完了。計算された固定クリッピング閾値 C = 0.106014

=== 実験開始 (A:DP, B:Baseline, C:CKKS) ===
Iter 01 | Loss A:0.2522 B:0.2445 C:0.2711 | ε:0.5145 | Dist(BC):0.0525
Iter 05 | Loss A:0.2256 B:0.2072 C:0.2669 | ε:0.3565 | Dist(BC):0.1637
Iter 10 | Loss A:0.2288 B:0.2003 C:0.2671 | ε:0.3175 | Dist(BC):0.2144
Iter 15 | Loss A:0.2149 B:0.1990 C:0.2690 | ε:0.2873 | Dist(BC):0.2366
Iter 20 | Loss A:0.2219 B:0.1986 C:0.2700 | ε:0.3083 | Dist(BC):0.2461
Iter 25 | Loss A:0.2064 B:0.1984 C:0.2676 | ε:0.3315 | Dist(BC):0.2459
Iter 30 | Loss A:0.2010 B:0.1984 C:0.2656 | ε:0.3081 | Dist(BC):0.2456
Iter 35 | Loss A:0.2077 B:0.1983 C:0.2642 | ε:0.2590 | Dist(BC):0.2439
Iter 40 | Loss A:0.2042 B:0.1983 C:0.2626 | ε:0.2615 | Dist(BC):0.2422
Iter 45 | Loss A:0.2051 B:0.1983 C:0.2636 | ε:0.2881 | Dist(BC):0.2442
Iter 50 | Loss A:0.2044 B:0.1983 C:0.2614 | ε:0.3273 | Dist(BC):0.2411
Iter 55 | Loss A:0.2024 B:0.1983 C:0.2626 | ε:0.3080 | Dist(BC):0.2432
Iter 60 | Loss A:0.2009 B:0.1983 C:0.2620 | ε:0.2540 | Dist(BC):0.2421
Iter 65 | Loss A:0.2041 B:0.1983 C:0.2614 | ε:0.2694 | Dist(BC):0.2410
Iter 70 | Loss A:0.2026 B:0.1983 C:0.2611 | ε:0.3098 | Dist(BC):0.2415
Iter 75 | Loss A:0.2056 B:0.1983 C:0.2597 | ε:0.3290 | Dist(BC):0.2389
Iter 80 | Loss A:0.2024 B:0.1983 C:0.2601 | ε:0.2889 | Dist(BC):0.2405
Iter 85 | Loss A:0.2030 B:0.1983 C:0.2591 | ε:0.2869 | Dist(BC):0.2388
Iter 90 | Loss A:0.2085 B:0.1983 C:0.2577 | ε:0.2893 | Dist(BC):0.2363
Iter 95 | Loss A:0.2034 B:0.1983 C:0.2576 | ε:0.2962 | Dist(BC):0.2361
Iter 100 | Loss A:0.2025 B:0.1983 C:0.2574 | ε:0.3185 | Dist(BC):0.2359

--- 実行 37 / 1000 ---
--- プレラン（事前学習）を開始: 15 イテレーション ---
プレラン完了。計算された固定クリッピング閾値 C = 0.106014

=== 実験開始 (A:DP, B:Baseline, C:CKKS) ===
Iter 01 | Loss A:0.2541 B:0.2445 C:0.2749 | ε:0.2159 | Dist(BC):0.0594
Iter 05 | Loss A:0.2172 B:0.2072 C:0.2738 | ε:0.2987 | Dist(BC):0.1747
Iter 10 | Loss A:0.2151 B:0.2003 C:0.2716 | ε:0.2840 | Dist(BC):0.2207
Iter 15 | Loss A:0.2062 B:0.1990 C:0.2694 | ε:0.2621 | Dist(BC):0.2355
Iter 20 | Loss A:0.2046 B:0.1986 C:0.2698 | ε:0.2565 | Dist(BC):0.2454
Iter 25 | Loss A:0.2164 B:0.1984 C:0.2691 | ε:0.2885 | Dist(BC):0.2485
Iter 30 | Loss A:0.2078 B:0.1984 C:0.2672 | ε:0.2903 | Dist(BC):0.2475
Iter 35 | Loss A:0.2039 B:0.1983 C:0.2656 | ε:0.2554 | Dist(BC):0.2460
Iter 40 | Loss A:0.2088 B:0.1983 C:0.2673 | ε:0.2452 | Dist(BC):0.2504
Iter 45 | Loss A:0.2057 B:0.1983 C:0.2653 | ε:0.2798 | Dist(BC):0.2468
Iter 50 | Loss A:0.2072 B:0.1983 C:0.2632 | ε:0.2822 | Dist(BC):0.2437
Iter 55 | Loss A:0.2103 B:0.1983 C:0.2633 | ε:0.2682 | Dist(BC):0.2437
Iter 60 | Loss A:0.2140 B:0.1983 C:0.2632 | ε:0.2984 | Dist(BC):0.2431
Iter 65 | Loss A:0.2091 B:0.1983 C:0.2619 | ε:0.3060 | Dist(BC):0.2406
Iter 70 | Loss A:0.2050 B:0.1983 C:0.2612 | ε:0.2878 | Dist(BC):0.2390
Iter 75 | Loss A:0.2044 B:0.1983 C:0.2608 | ε:0.2555 | Dist(BC):0.2380
Iter 80 | Loss A:0.2066 B:0.1983 C:0.2595 | ε:0.2643 | Dist(BC):0.2357
Iter 85 | Loss A:0.2036 B:0.1983 C:0.2585 | ε:0.2668 | Dist(BC):0.2342
Iter 90 | Loss A:0.2029 B:0.1983 C:0.2584 | ε:0.2848 | Dist(BC):0.2340
Iter 95 | Loss A:0.2039 B:0.1983 C:0.2582 | ε:0.3305 | Dist(BC):0.2335
Iter 100 | Loss A:0.2029 B:0.1983 C:0.2573 | ε:0.3226 | Dist(BC):0.2322

--- 実行 38 / 1000 ---
--- プレラン（事前学習）を開始: 15 イテレーション ---
プレラン完了。計算された固定クリッピング閾値 C = 0.106014

=== 実験開始 (A:DP, B:Baseline, C:CKKS) ===
Iter 01 | Loss A:0.2805 B:0.2445 C:0.2701 | ε:0.3572 | Dist(BC):0.0506
Iter 05 | Loss A:0.2138 B:0.2072 C:0.2680 | ε:0.3056 | Dist(BC):0.1642
Iter 10 | Loss A:0.2414 B:0.2003 C:0.2702 | ε:0.3367 | Dist(BC):0.2177
Iter 15 | Loss A:0.2480 B:0.1990 C:0.2698 | ε:0.3361 | Dist(BC):0.2361
Iter 20 | Loss A:0.2387 B:0.1986 C:0.2708 | ε:0.2917 | Dist(BC):0.2456
Iter 25 | Loss A:0.2309 B:0.1984 C:0.2668 | ε:0.3022 | Dist(BC):0.2434
Iter 30 | Loss A:0.2377 B:0.1984 C:0.2646 | ε:0.3055 | Dist(BC):0.2413
Iter 35 | Loss A:0.2244 B:0.1983 C:0.2642 | ε:0.2661 | Dist(BC):0.2425
Iter 40 | Loss A:0.2091 B:0.1983 C:0.2613 | ε:0.2510 | Dist(BC):0.2380
Iter 45 | Loss A:0.2046 B:0.1983 C:0.2610 | ε:0.2703 | Dist(BC):0.2379
Iter 50 | Loss A:0.2031 B:0.1983 C:0.2603 | ε:0.2840 | Dist(BC):0.2369
Traceback (most recent call last):
  File "/home/tanaka-lab/s25010/study/ml/run_experiments_overage.py", line 49, in <module>
    main()
  File "/home/tanaka-lab/s25010/study/ml/run_experiments_overage.py", line 19, in main
    metrics = run_experiment(save_plot=False)
              ^^^^^^^^^^^^^^^^^^^^^^^^^^^^^^^
  File "/home/tanaka-lab/s25010/study/ml/main_training.py", line 139, in run_experiment
    ct_weights = client.encrypt(weights_C.flatten().tolist())
                 ^^^^^^^^^^^^^^^^^^^^^^^^^^^^^^^^^^^^^^^^^^^^
  File "/home/tanaka-lab/s25010/study/ml/grpc_client.py", line 21, in encrypt
    res = self.stub.Encrypt(req)
          ^^^^^^^^^^^^^^^^^^^^^^
  File "/home/tanaka-lab/s25010/study/.venv/lib/python3.12/site-packages/grpc/_channel.py", line 1159, in __call__
    return _end_unary_response_blocking(state, call, False, None)
           ^^^^^^^^^^^^^^^^^^^^^^^^^^^^^^^^^^^^^^^^^^^^^^^^^^^^^^
  File "/home/tanaka-lab/s25010/study/.venv/lib/python3.12/site-packages/grpc/_channel.py", line 990, in _end_unary_response_blocking
    raise _InactiveRpcError(state)  # pytype: disable=not-instantiable
    ^^^^^^^^^^^^^^^^^^^^^^^^^^^^^^
grpc._channel._InactiveRpcError: <_InactiveRpcError of RPC that terminated with:
	status = StatusCode.UNAVAILABLE
	details = "Socket closed"
	debug_error_string = "UNKNOWN:Error received from peer  {grpc_status:14, grpc_message:"Socket closed"}"
>
=== 10回の平均計測を開始します ===

--- 実行 1 / 10 ---
--- プレラン（事前学習）を開始: 15 イテレーション ---
プレラン完了。計算された固定クリッピング閾値 C = 0.106014

=== 実験開始 (A:DP, B:Baseline, C:CKKS) ===
Iter 01 | Loss A:0.2218 B:0.2445 C:0.2800 | ε:0.4745 | Dist(BC):0.0674
Iter 05 | Loss A:0.2391 B:0.2072 C:0.2843 | ε:0.3642 | Dist(BC):0.1921
Iter 10 | Loss A:0.2108 B:0.2003 C:0.2824 | ε:0.3537 | Dist(BC):0.2392
Iter 15 | Loss A:0.2090 B:0.1990 C:0.2772 | ε:0.3533 | Dist(BC):0.2498
Iter 20 | Loss A:0.2234 B:0.1986 C:0.2766 | ε:0.3539 | Dist(BC):0.2570
Iter 25 | Loss A:0.2207 B:0.1984 C:0.2757 | ε:0.3070 | Dist(BC):0.2614
Iter 30 | Loss A:0.2171 B:0.1984 C:0.2734 | ε:0.3001 | Dist(BC):0.2613
Iter 35 | Loss A:0.2110 B:0.1983 C:0.2748 | ε:0.2968 | Dist(BC):0.2656
Iter 40 | Loss A:0.2064 B:0.1983 C:0.2738 | ε:0.2745 | Dist(BC):0.2651
Iter 45 | Loss A:0.2038 B:0.1983 C:0.2719 | ε:0.3085 | Dist(BC):0.2628
Iter 50 | Loss A:0.2033 B:0.1983 C:0.2712 | ε:0.3592 | Dist(BC):0.2625
Iter 55 | Loss A:0.2017 B:0.1983 C:0.2724 | ε:0.3163 | Dist(BC):0.2645
Iter 60 | Loss A:0.2028 B:0.1983 C:0.2724 | ε:0.2887 | Dist(BC):0.2652
Iter 65 | Loss A:0.2042 B:0.1983 C:0.2722 | ε:0.2984 | Dist(BC):0.2646
Iter 70 | Loss A:0.2028 B:0.1983 C:0.2713 | ε:0.3054 | Dist(BC):0.2631
Iter 75 | Loss A:0.2035 B:0.1983 C:0.2697 | ε:0.3033 | Dist(BC):0.2604
Iter 80 | Loss A:0.2027 B:0.1983 C:0.2681 | ε:0.2675 | Dist(BC):0.2574
Iter 85 | Loss A:0.2048 B:0.1983 C:0.2669 | ε:0.2705 | Dist(BC):0.2555
Iter 90 | Loss A:0.2024 B:0.1983 C:0.2670 | ε:0.2795 | Dist(BC):0.2555
Iter 95 | Loss A:0.2020 B:0.1983 C:0.2672 | ε:0.3005 | Dist(BC):0.2559
Iter 100 | Loss A:0.2036 B:0.1983 C:0.2675 | ε:0.3021 | Dist(BC):0.2567

--- 実行 2 / 10 ---
--- プレラン（事前学習）を開始: 15 イテレーション ---
プレラン完了。計算された固定クリッピング閾値 C = 0.106014

=== 実験開始 (A:DP, B:Baseline, C:CKKS) ===
Iter 01 | Loss A:0.2371 B:0.2445 C:0.2753 | ε:0.2047 | Dist(BC):0.0601
Iter 05 | Loss A:0.2108 B:0.2072 C:0.2727 | ε:0.2904 | Dist(BC):0.1734
Iter 10 | Loss A:0.2178 B:0.2003 C:0.2749 | ε:0.2691 | Dist(BC):0.2278
Iter 15 | Loss A:0.2194 B:0.1990 C:0.2751 | ε:0.2642 | Dist(BC):0.2481
Iter 20 | Loss A:0.2097 B:0.1986 C:0.2661 | ε:0.2977 | Dist(BC):0.2418
Iter 25 | Loss A:0.2149 B:0.1984 C:0.2643 | ε:0.2874 | Dist(BC):0.2430
Iter 30 | Loss A:0.2094 B:0.1984 C:0.2615 | ε:0.2854 | Dist(BC):0.2416
Iter 35 | Loss A:0.2032 B:0.1983 C:0.2591 | ε:0.3158 | Dist(BC):0.2399
Iter 40 | Loss A:0.2008 B:0.1983 C:0.2589 | ε:0.2886 | Dist(BC):0.2411
Iter 45 | Loss A:0.2031 B:0.1983 C:0.2585 | ε:0.2589 | Dist(BC):0.2413
Iter 50 | Loss A:0.2041 B:0.1983 C:0.2573 | ε:0.2916 | Dist(BC):0.2393
Iter 55 | Loss A:0.2061 B:0.1983 C:0.2559 | ε:0.3055 | Dist(BC):0.2377
Iter 60 | Loss A:0.2051 B:0.1983 C:0.2548 | ε:0.2798 | Dist(BC):0.2366
Iter 65 | Loss A:0.2046 B:0.1983 C:0.2546 | ε:0.3081 | Dist(BC):0.2363
Iter 70 | Loss A:0.2055 B:0.1983 C:0.2546 | ε:0.3621 | Dist(BC):0.2363
Iter 75 | Loss A:0.2044 B:0.1983 C:0.2543 | ε:0.3294 | Dist(BC):0.2351
Iter 80 | Loss A:0.2049 B:0.1983 C:0.2550 | ε:0.2925 | Dist(BC):0.2361
Iter 85 | Loss A:0.2044 B:0.1983 C:0.2552 | ε:0.2884 | Dist(BC):0.2372
Iter 90 | Loss A:0.2037 B:0.1983 C:0.2541 | ε:0.2674 | Dist(BC):0.2357
Iter 95 | Loss A:0.2050 B:0.1983 C:0.2537 | ε:0.2520 | Dist(BC):0.2349
Iter 100 | Loss A:0.2046 B:0.1983 C:0.2532 | ε:0.2670 | Dist(BC):0.2343

--- 実行 3 / 10 ---
--- プレラン（事前学習）を開始: 15 イテレーション ---
プレラン完了。計算された固定クリッピング閾値 C = 0.106014

=== 実験開始 (A:DP, B:Baseline, C:CKKS) ===
Iter 01 | Loss A:0.2422 B:0.2445 C:0.2763 | ε:0.3348 | Dist(BC):0.0617
Iter 05 | Loss A:0.2206 B:0.2072 C:0.2665 | ε:0.2959 | Dist(BC):0.1623
Iter 10 | Loss A:0.2103 B:0.2003 C:0.2663 | ε:0.3104 | Dist(BC):0.2122
Iter 15 | Loss A:0.2167 B:0.1990 C:0.2680 | ε:0.3011 | Dist(BC):0.2335
Iter 20 | Loss A:0.2071 B:0.1986 C:0.2645 | ε:0.2730 | Dist(BC):0.2362
Iter 25 | Loss A:0.2105 B:0.1984 C:0.2640 | ε:0.2901 | Dist(BC):0.2398
Iter 30 | Loss A:0.2037 B:0.1984 C:0.2632 | ε:0.3244 | Dist(BC):0.2424
Iter 35 | Loss A:0.2150 B:0.1983 C:0.2626 | ε:0.3293 | Dist(BC):0.2429
Iter 40 | Loss A:0.2114 B:0.1983 C:0.2644 | ε:0.3020 | Dist(BC):0.2479
Iter 45 | Loss A:0.2098 B:0.1983 C:0.2634 | ε:0.2837 | Dist(BC):0.2467
Iter 50 | Loss A:0.2056 B:0.1983 C:0.2643 | ε:0.2823 | Dist(BC):0.2500
Iter 55 | Loss A:0.2003 B:0.1983 C:0.2650 | ε:0.2672 | Dist(BC):0.2516
Iter 60 | Loss A:0.1990 B:0.1983 C:0.2658 | ε:0.2767 | Dist(BC):0.2534
Iter 65 | Loss A:0.2002 B:0.1983 C:0.2651 | ε:0.3099 | Dist(BC):0.2524
Iter 70 | Loss A:0.2005 B:0.1983 C:0.2659 | ε:0.3117 | Dist(BC):0.2549
Iter 75 | Loss A:0.2017 B:0.1983 C:0.2667 | ε:0.3435 | Dist(BC):0.2559
Iter 80 | Loss A:0.2007 B:0.1983 C:0.2665 | ε:0.3263 | Dist(BC):0.2554
Iter 85 | Loss A:0.2017 B:0.1983 C:0.2653 | ε:0.2787 | Dist(BC):0.2543
Iter 90 | Loss A:0.2015 B:0.1983 C:0.2654 | ε:0.2851 | Dist(BC):0.2544
Iter 95 | Loss A:0.2018 B:0.1983 C:0.2659 | ε:0.3056 | Dist(BC):0.2552
Iter 100 | Loss A:0.2024 B:0.1983 C:0.2651 | ε:0.2909 | Dist(BC):0.2537

--- 実行 4 / 10 ---
--- プレラン（事前学習）を開始: 15 イテレーション ---
プレラン完了。計算された固定クリッピング閾値 C = 0.106014

=== 実験開始 (A:DP, B:Baseline, C:CKKS) ===
Iter 01 | Loss A:0.2800 B:0.2445 C:0.2742 | ε:0.3713 | Dist(BC):0.0582
Iter 05 | Loss A:0.2110 B:0.2072 C:0.2801 | ε:0.3012 | Dist(BC):0.1857
Iter 10 | Loss A:0.2116 B:0.2003 C:0.2749 | ε:0.3247 | Dist(BC):0.2275
Iter 15 | Loss A:0.2272 B:0.1990 C:0.2738 | ε:0.3287 | Dist(BC):0.2435
Iter 20 | Loss A:0.2053 B:0.1986 C:0.2735 | ε:0.3132 | Dist(BC):0.2540
Iter 25 | Loss A:0.2061 B:0.1984 C:0.2742 | ε:0.3200 | Dist(BC):0.2602
Iter 30 | Loss A:0.2094 B:0.1984 C:0.2757 | ε:0.3556 | Dist(BC):0.2658
Iter 35 | Loss A:0.2107 B:0.1983 C:0.2725 | ε:0.3647 | Dist(BC):0.2629
Iter 40 | Loss A:0.2044 B:0.1983 C:0.2712 | ε:0.3022 | Dist(BC):0.2625
Iter 45 | Loss A:0.2023 B:0.1983 C:0.2706 | ε:0.3013 | Dist(BC):0.2626
Iter 50 | Loss A:0.2085 B:0.1983 C:0.2705 | ε:0.3236 | Dist(BC):0.2640
Iter 55 | Loss A:0.2061 B:0.1983 C:0.2677 | ε:0.3083 | Dist(BC):0.2598
Iter 60 | Loss A:0.2093 B:0.1983 C:0.2656 | ε:0.3031 | Dist(BC):0.2561
Iter 65 | Loss A:0.2041 B:0.1983 C:0.2643 | ε:0.3310 | Dist(BC):0.2539
Iter 70 | Loss A:0.2022 B:0.1983 C:0.2651 | ε:0.3155 | Dist(BC):0.2560
Iter 75 | Loss A:0.2041 B:0.1983 C:0.2649 | ε:0.2820 | Dist(BC):0.2554
Iter 80 | Loss A:0.2033 B:0.1983 C:0.2649 | ε:0.2946 | Dist(BC):0.2558
Iter 85 | Loss A:0.2011 B:0.1983 C:0.2649 | ε:0.3113 | Dist(BC):0.2557
Iter 90 | Loss A:0.2016 B:0.1983 C:0.2662 | ε:0.3248 | Dist(BC):0.2582
Iter 95 | Loss A:0.2015 B:0.1983 C:0.2652 | ε:0.3333 | Dist(BC):0.2566
Iter 100 | Loss A:0.2014 B:0.1983 C:0.2651 | ε:0.3120 | Dist(BC):0.2567

--- 実行 5 / 10 ---
--- プレラン（事前学習）を開始: 15 イテレーション ---
プレラン完了。計算された固定クリッピング閾値 C = 0.106014

=== 実験開始 (A:DP, B:Baseline, C:CKKS) ===
Iter 01 | Loss A:0.2329 B:0.2445 C:0.2731 | ε:0.3041 | Dist(BC):0.0563
Iter 05 | Loss A:0.2160 B:0.2072 C:0.2739 | ε:0.2406 | Dist(BC):0.1754
Iter 10 | Loss A:0.2161 B:0.2003 C:0.2709 | ε:0.2715 | Dist(BC):0.2219
Iter 15 | Loss A:0.2150 B:0.1990 C:0.2715 | ε:0.2960 | Dist(BC):0.2422
Iter 20 | Loss A:0.2060 B:0.1986 C:0.2699 | ε:0.2929 | Dist(BC):0.2489
Iter 25 | Loss A:0.2074 B:0.1984 C:0.2697 | ε:0.3109 | Dist(BC):0.2523
Iter 30 | Loss A:0.2092 B:0.1984 C:0.2727 | ε:0.3275 | Dist(BC):0.2599
Iter 35 | Loss A:0.2106 B:0.1983 C:0.2709 | ε:0.3399 | Dist(BC):0.2596
Iter 40 | Loss A:0.2147 B:0.1983 C:0.2707 | ε:0.3088 | Dist(BC):0.2608
Iter 45 | Loss A:0.2111 B:0.1983 C:0.2697 | ε:0.2725 | Dist(BC):0.2606
Iter 50 | Loss A:0.2116 B:0.1983 C:0.2671 | ε:0.2787 | Dist(BC):0.2564
Iter 55 | Loss A:0.2036 B:0.1983 C:0.2680 | ε:0.2773 | Dist(BC):0.2585
Iter 60 | Loss A:0.2069 B:0.1983 C:0.2655 | ε:0.2710 | Dist(BC):0.2537
Iter 65 | Loss A:0.2062 B:0.1983 C:0.2661 | ε:0.2943 | Dist(BC):0.2553
Iter 70 | Loss A:0.2048 B:0.1983 C:0.2645 | ε:0.3262 | Dist(BC):0.2527
Iter 75 | Loss A:0.2016 B:0.1983 C:0.2630 | ε:0.3135 | Dist(BC):0.2497
Iter 80 | Loss A:0.2016 B:0.1983 C:0.2626 | ε:0.2900 | Dist(BC):0.2495
Iter 85 | Loss A:0.2011 B:0.1983 C:0.2611 | ε:0.3013 | Dist(BC):0.2474
Iter 90 | Loss A:0.2014 B:0.1983 C:0.2609 | ε:0.2949 | Dist(BC):0.2469
Iter 95 | Loss A:0.2020 B:0.1983 C:0.2595 | ε:0.3021 | Dist(BC):0.2449
Iter 100 | Loss A:0.2027 B:0.1983 C:0.2593 | ε:0.3010 | Dist(BC):0.2447

--- 実行 6 / 10 ---
--- プレラン（事前学習）を開始: 15 イテレーション ---
プレラン完了。計算された固定クリッピング閾値 C = 0.106014

=== 実験開始 (A:DP, B:Baseline, C:CKKS) ===
Iter 01 | Loss A:0.2405 B:0.2445 C:0.2755 | ε:0.3423 | Dist(BC):0.0605
Iter 05 | Loss A:0.2161 B:0.2072 C:0.2738 | ε:0.3051 | Dist(BC):0.1739
Iter 10 | Loss A:0.2114 B:0.2003 C:0.2686 | ε:0.3063 | Dist(BC):0.2152
Iter 15 | Loss A:0.2118 B:0.1990 C:0.2700 | ε:0.3132 | Dist(BC):0.2382
Iter 20 | Loss A:0.2157 B:0.1986 C:0.2626 | ε:0.3252 | Dist(BC):0.2338
Iter 25 | Loss A:0.2104 B:0.1984 C:0.2625 | ε:0.3213 | Dist(BC):0.2380
Iter 30 | Loss A:0.2113 B:0.1984 C:0.2590 | ε:0.3276 | Dist(BC):0.2344
Iter 35 | Loss A:0.2141 B:0.1983 C:0.2576 | ε:0.3188 | Dist(BC):0.2343
Iter 40 | Loss A:0.2153 B:0.1983 C:0.2578 | ε:0.2880 | Dist(BC):0.2361
Iter 45 | Loss A:0.2147 B:0.1983 C:0.2576 | ε:0.2546 | Dist(BC):0.2362
Iter 50 | Loss A:0.2103 B:0.1983 C:0.2578 | ε:0.2471 | Dist(BC):0.2360
Iter 55 | Loss A:0.2134 B:0.1983 C:0.2557 | ε:0.2754 | Dist(BC):0.2323
Iter 60 | Loss A:0.2169 B:0.1983 C:0.2560 | ε:0.2904 | Dist(BC):0.2336
Iter 65 | Loss A:0.2165 B:0.1983 C:0.2553 | ε:0.2891 | Dist(BC):0.2324
Iter 70 | Loss A:0.2105 B:0.1983 C:0.2526 | ε:0.3058 | Dist(BC):0.2272
Iter 75 | Loss A:0.2089 B:0.1983 C:0.2528 | ε:0.2995 | Dist(BC):0.2281
Iter 80 | Loss A:0.2085 B:0.1983 C:0.2510 | ε:0.2861 | Dist(BC):0.2246
Iter 85 | Loss A:0.2123 B:0.1983 C:0.2512 | ε:0.2975 | Dist(BC):0.2257
Iter 90 | Loss A:0.2114 B:0.1983 C:0.2509 | ε:0.2675 | Dist(BC):0.2253
Iter 95 | Loss A:0.2076 B:0.1983 C:0.2496 | ε:0.2659 | Dist(BC):0.2227
Iter 100 | Loss A:0.2067 B:0.1983 C:0.2492 | ε:0.2973 | Dist(BC):0.2213

--- 実行 7 / 10 ---
--- プレラン（事前学習）を開始: 15 イテレーション ---
プレラン完了。計算された固定クリッピング閾値 C = 0.106014

=== 実験開始 (A:DP, B:Baseline, C:CKKS) ===
Iter 01 | Loss A:0.2460 B:0.2445 C:0.2760 | ε:0.2821 | Dist(BC):0.0612
Iter 05 | Loss A:0.2412 B:0.2072 C:0.2722 | ε:0.3176 | Dist(BC):0.1720
Iter 10 | Loss A:0.2414 B:0.2003 C:0.2736 | ε:0.2904 | Dist(BC):0.2246
Iter 15 | Loss A:0.2148 B:0.1990 C:0.2693 | ε:0.2825 | Dist(BC):0.2357
Iter 20 | Loss A:0.2211 B:0.1986 C:0.2662 | ε:0.2982 | Dist(BC):0.2404
Iter 25 | Loss A:0.2147 B:0.1984 C:0.2647 | ε:0.3305 | Dist(BC):0.2431
Iter 30 | Loss A:0.2157 B:0.1984 C:0.2644 | ε:0.2965 | Dist(BC):0.2456
Iter 35 | Loss A:0.2069 B:0.1983 C:0.2652 | ε:0.2439 | Dist(BC):0.2499
Iter 40 | Loss A:0.2098 B:0.1983 C:0.2654 | ε:0.2549 | Dist(BC):0.2507
Iter 45 | Loss A:0.2044 B:0.1983 C:0.2617 | ε:0.2877 | Dist(BC):0.2448
Iter 50 | Loss A:0.2069 B:0.1983 C:0.2607 | ε:0.2766 | Dist(BC):0.2430
Iter 55 | Loss A:0.2054 B:0.1983 C:0.2603 | ε:0.3107 | Dist(BC):0.2428
Iter 60 | Loss A:0.2043 B:0.1983 C:0.2592 | ε:0.3734 | Dist(BC):0.2410
Iter 65 | Loss A:0.2020 B:0.1983 C:0.2589 | ε:0.3109 | Dist(BC):0.2405
Iter 70 | Loss A:0.2040 B:0.1983 C:0.2599 | ε:0.2891 | Dist(BC):0.2425
Iter 75 | Loss A:0.2047 B:0.1983 C:0.2597 | ε:0.2959 | Dist(BC):0.2427
Iter 80 | Loss A:0.2043 B:0.1983 C:0.2577 | ε:0.3121 | Dist(BC):0.2389
Iter 85 | Loss A:0.2043 B:0.1983 C:0.2572 | ε:0.2930 | Dist(BC):0.2380
Iter 90 | Loss A:0.2047 B:0.1983 C:0.2557 | ε:0.2825 | Dist(BC):0.2358
Iter 95 | Loss A:0.2057 B:0.1983 C:0.2549 | ε:0.2904 | Dist(BC):0.2348
Iter 100 | Loss A:0.2056 B:0.1983 C:0.2547 | ε:0.2793 | Dist(BC):0.2347

--- 実行 8 / 10 ---
--- プレラン（事前学習）を開始: 15 イテレーション ---
プレラン完了。計算された固定クリッピング閾値 C = 0.106014

=== 実験開始 (A:DP, B:Baseline, C:CKKS) ===
Iter 01 | Loss A:0.2782 B:0.2445 C:0.2744 | ε:0.2317 | Dist(BC):0.0585
Iter 05 | Loss A:0.2183 B:0.2072 C:0.2752 | ε:0.2975 | Dist(BC):0.1767
Iter 10 | Loss A:0.2139 B:0.2003 C:0.2635 | ε:0.3047 | Dist(BC):0.2065
Iter 15 | Loss A:0.2227 B:0.1990 C:0.2635 | ε:0.2686 | Dist(BC):0.2250
Iter 20 | Loss A:0.2169 B:0.1986 C:0.2643 | ε:0.2765 | Dist(BC):0.2343
Iter 25 | Loss A:0.2178 B:0.1984 C:0.2614 | ε:0.3241 | Dist(BC):0.2341
Iter 30 | Loss A:0.2158 B:0.1984 C:0.2590 | ε:0.3220 | Dist(BC):0.2331
Iter 35 | Loss A:0.2115 B:0.1983 C:0.2572 | ε:0.3389 | Dist(BC):0.2305
Iter 40 | Loss A:0.2060 B:0.1983 C:0.2558 | ε:0.3371 | Dist(BC):0.2285
Iter 45 | Loss A:0.2060 B:0.1983 C:0.2560 | ε:0.2882 | Dist(BC):0.2299
Iter 50 | Loss A:0.2081 B:0.1983 C:0.2554 | ε:0.2757 | Dist(BC):0.2294
Iter 55 | Loss A:0.2067 B:0.1983 C:0.2548 | ε:0.2817 | Dist(BC):0.2298
Iter 60 | Loss A:0.2072 B:0.1983 C:0.2524 | ε:0.2675 | Dist(BC):0.2254
Iter 65 | Loss A:0.2063 B:0.1983 C:0.2532 | ε:0.2972 | Dist(BC):0.2263
Iter 70 | Loss A:0.2062 B:0.1983 C:0.2528 | ε:0.3165 | Dist(BC):0.2256
Iter 75 | Loss A:0.2038 B:0.1983 C:0.2517 | ε:0.2775 | Dist(BC):0.2237
Iter 80 | Loss A:0.2044 B:0.1983 C:0.2513 | ε:0.2631 | Dist(BC):0.2233
Iter 85 | Loss A:0.2028 B:0.1983 C:0.2517 | ε:0.2706 | Dist(BC):0.2234
Iter 90 | Loss A:0.2049 B:0.1983 C:0.2504 | ε:0.2672 | Dist(BC):0.2211
Iter 95 | Loss A:0.2039 B:0.1983 C:0.2500 | ε:0.2619 | Dist(BC):0.2206
Iter 100 | Loss A:0.2031 B:0.1983 C:0.2495 | ε:0.2695 | Dist(BC):0.2201

--- 実行 9 / 10 ---
--- プレラン（事前学習）を開始: 15 イテレーション ---
プレラン完了。計算された固定クリッピング閾値 C = 0.106014

=== 実験開始 (A:DP, B:Baseline, C:CKKS) ===
Iter 01 | Loss A:0.2386 B:0.2445 C:0.2755 | ε:0.4001 | Dist(BC):0.0604
Iter 05 | Loss A:0.2129 B:0.2072 C:0.2750 | ε:0.2915 | Dist(BC):0.1775
Iter 10 | Loss A:0.2075 B:0.2003 C:0.2700 | ε:0.2740 | Dist(BC):0.2199
Iter 15 | Loss A:0.2038 B:0.1990 C:0.2681 | ε:0.2852 | Dist(BC):0.2358
Iter 20 | Loss A:0.2142 B:0.1986 C:0.2663 | ε:0.3065 | Dist(BC):0.2436
Iter 25 | Loss A:0.2184 B:0.1984 C:0.2679 | ε:0.3225 | Dist(BC):0.2517
Iter 30 | Loss A:0.2077 B:0.1984 C:0.2655 | ε:0.3047 | Dist(BC):0.2496
Iter 35 | Loss A:0.2117 B:0.1983 C:0.2643 | ε:0.2685 | Dist(BC):0.2493
Iter 40 | Loss A:0.2118 B:0.1983 C:0.2644 | ε:0.2828 | Dist(BC):0.2509
Iter 45 | Loss A:0.2157 B:0.1983 C:0.2639 | ε:0.3012 | Dist(BC):0.2500
Iter 50 | Loss A:0.2089 B:0.1983 C:0.2618 | ε:0.3033 | Dist(BC):0.2468
Iter 55 | Loss A:0.2078 B:0.1983 C:0.2592 | ε:0.2735 | Dist(BC):0.2421
Iter 60 | Loss A:0.2087 B:0.1983 C:0.2583 | ε:0.2671 | Dist(BC):0.2406
Iter 65 | Loss A:0.2054 B:0.1983 C:0.2568 | ε:0.2924 | Dist(BC):0.2376
Iter 70 | Loss A:0.2099 B:0.1983 C:0.2562 | ε:0.3029 | Dist(BC):0.2376
Iter 75 | Loss A:0.2076 B:0.1983 C:0.2542 | ε:0.2765 | Dist(BC):0.2336
Iter 80 | Loss A:0.2084 B:0.1983 C:0.2528 | ε:0.2582 | Dist(BC):0.2312
Iter 85 | Loss A:0.2070 B:0.1983 C:0.2525 | ε:0.2682 | Dist(BC):0.2301
Iter 90 | Loss A:0.2056 B:0.1983 C:0.2526 | ε:0.2674 | Dist(BC):0.2309
Iter 95 | Loss A:0.2025 B:0.1983 C:0.2511 | ε:0.3072 | Dist(BC):0.2278
Iter 100 | Loss A:0.2058 B:0.1983 C:0.2505 | ε:0.3420 | Dist(BC):0.2263

--- 実行 10 / 10 ---
--- プレラン（事前学習）を開始: 15 イテレーション ---
プレラン完了。計算された固定クリッピング閾値 C = 0.106014

=== 実験開始 (A:DP, B:Baseline, C:CKKS) ===
Iter 01 | Loss A:0.2624 B:0.2445 C:0.2754 | ε:0.3620 | Dist(BC):0.0602
Iter 05 | Loss A:0.2099 B:0.2072 C:0.2753 | ε:0.2891 | Dist(BC):0.1774
Iter 10 | Loss A:0.2148 B:0.2003 C:0.2722 | ε:0.2852 | Dist(BC):0.2204
Iter 15 | Loss A:0.2067 B:0.1990 C:0.2670 | ε:0.2517 | Dist(BC):0.2316
Iter 20 | Loss A:0.2078 B:0.1986 C:0.2625 | ε:0.2447 | Dist(BC):0.2319
Iter 25 | Loss A:0.2101 B:0.1984 C:0.2611 | ε:0.2580 | Dist(BC):0.2347
Iter 30 | Loss A:0.2096 B:0.1984 C:0.2612 | ε:0.2668 | Dist(BC):0.2378
Iter 35 | Loss A:0.2100 B:0.1983 C:0.2607 | ε:0.2824 | Dist(BC):0.2388
Iter 40 | Loss A:0.2233 B:0.1983 C:0.2584 | ε:0.2608 | Dist(BC):0.2360
Iter 45 | Loss A:0.2218 B:0.1983 C:0.2559 | ε:0.2649 | Dist(BC):0.2322
Iter 50 | Loss A:0.2152 B:0.1983 C:0.2544 | ε:0.3088 | Dist(BC):0.2300
Iter 55 | Loss A:0.2107 B:0.1983 C:0.2531 | ε:0.2904 | Dist(BC):0.2290
Iter 60 | Loss A:0.2090 B:0.1983 C:0.2525 | ε:0.2776 | Dist(BC):0.2277
Iter 65 | Loss A:0.2073 B:0.1983 C:0.2525 | ε:0.3074 | Dist(BC):0.2281
Iter 70 | Loss A:0.2064 B:0.1983 C:0.2523 | ε:0.3123 | Dist(BC):0.2287
Iter 75 | Loss A:0.2083 B:0.1983 C:0.2519 | ε:0.3146 | Dist(BC):0.2287
Iter 80 | Loss A:0.2095 B:0.1983 C:0.2522 | ε:0.2937 | Dist(BC):0.2302
Iter 85 | Loss A:0.2064 B:0.1983 C:0.2523 | ε:0.2687 | Dist(BC):0.2303
Iter 90 | Loss A:0.2100 B:0.1983 C:0.2522 | ε:0.2728 | Dist(BC):0.2304
Iter 95 | Loss A:0.2103 B:0.1983 C:0.2525 | ε:0.3063 | Dist(BC):0.2304
Iter 100 | Loss A:0.2117 B:0.1983 C:0.2525 | ε:0.3141 | Dist(BC):0.2309

=== 全計測完了 ===
10回の平均化された推移グラフを '/home/tanaka-lab/s25010/study/ml/average_epsilon_transition.png' に保存しました。
=== 1000回の平均計測を開始します ===

--- 実行 1 / 1000 ---
--- プレラン（事前学習）を開始: 15 イテレーション ---
プレラン完了。計算された固定クリッピング閾値 C = 0.106014

=== 実験開始 (A:DP, B:Baseline, C:CKKS) ===
Iter 01 | Loss A:0.2708 B:0.2445 C:0.2712 | ε:0.3645 | Dist(BC):0.0528
Iter 05 | Loss A:0.2158 B:0.2072 C:0.2629 | ε:0.3110 | Dist(BC):0.1555
Iter 10 | Loss A:0.2263 B:0.2003 C:0.2646 | ε:0.3117 | Dist(BC):0.2098
Iter 15 | Loss A:0.2303 B:0.1990 C:0.2611 | ε:0.2986 | Dist(BC):0.2234
Iter 20 | Loss A:0.2269 B:0.1986 C:0.2629 | ε:0.2953 | Dist(BC):0.2365
Iter 25 | Loss A:0.2182 B:0.1984 C:0.2616 | ε:0.3045 | Dist(BC):0.2386
Iter 30 | Loss A:0.2204 B:0.1984 C:0.2605 | ε:0.3031 | Dist(BC):0.2394
Iter 35 | Loss A:0.2145 B:0.1983 C:0.2589 | ε:0.2879 | Dist(BC):0.2374
Iter 40 | Loss A:0.2110 B:0.1983 C:0.2577 | ε:0.2555 | Dist(BC):0.2362
Iter 45 | Loss A:0.2069 B:0.1983 C:0.2561 | ε:0.2641 | Dist(BC):0.2346
Iter 50 | Loss A:0.2067 B:0.1983 C:0.2561 | ε:0.3027 | Dist(BC):0.2347
Iter 55 | Loss A:0.2091 B:0.1983 C:0.2555 | ε:0.3542 | Dist(BC):0.2330
Iter 60 | Loss A:0.2098 B:0.1983 C:0.2553 | ε:0.3513 | Dist(BC):0.2334
Iter 65 | Loss A:0.2138 B:0.1983 C:0.2538 | ε:0.2775 | Dist(BC):0.2306
Iter 70 | Loss A:0.2111 B:0.1983 C:0.2522 | ε:0.2515 | Dist(BC):0.2280
Iter 75 | Loss A:0.2140 B:0.1983 C:0.2520 | ε:0.2532 | Dist(BC):0.2276
Iter 80 | Loss A:0.2158 B:0.1983 C:0.2509 | ε:0.2697 | Dist(BC):0.2259
Iter 85 | Loss A:0.2164 B:0.1983 C:0.2502 | ε:0.2979 | Dist(BC):0.2247
Iter 90 | Loss A:0.2146 B:0.1983 C:0.2509 | ε:0.2992 | Dist(BC):0.2262
Iter 95 | Loss A:0.2119 B:0.1983 C:0.2495 | ε:0.2828 | Dist(BC):0.2236
Iter 100 | Loss A:0.2091 B:0.1983 C:0.2487 | ε:0.2804 | Dist(BC):0.2214

--- 実行 2 / 1000 ---
--- プレラン（事前学習）を開始: 15 イテレーション ---
プレラン完了。計算された固定クリッピング閾値 C = 0.106014

=== 実験開始 (A:DP, B:Baseline, C:CKKS) ===
Iter 01 | Loss A:0.2419 B:0.2445 C:0.2715 | ε:0.3572 | Dist(BC):0.0535
Iter 05 | Loss A:0.2107 B:0.2072 C:0.2695 | ε:0.2719 | Dist(BC):0.1668
Iter 10 | Loss A:0.2235 B:0.2003 C:0.2687 | ε:0.2802 | Dist(BC):0.2149
Iter 15 | Loss A:0.2208 B:0.1990 C:0.2635 | ε:0.2874 | Dist(BC):0.2261
Iter 20 | Loss A:0.2266 B:0.1986 C:0.2626 | ε:0.2605 | Dist(BC):0.2327
Iter 25 | Loss A:0.2237 B:0.1984 C:0.2652 | ε:0.2608 | Dist(BC):0.2429
Iter 30 | Loss A:0.2122 B:0.1984 C:0.2643 | ε:0.2948 | Dist(BC):0.2440
Iter 35 | Loss A:0.2115 B:0.1983 C:0.2610 | ε:0.3250 | Dist(BC):0.2401
Iter 40 | Loss A:0.2114 B:0.1983 C:0.2601 | ε:0.2812 | Dist(BC):0.2391
Iter 45 | Loss A:0.2094 B:0.1983 C:0.2626 | ε:0.2669 | Dist(BC):0.2444
Iter 50 | Loss A:0.2140 B:0.1983 C:0.2611 | ε:0.2979 | Dist(BC):0.2424
Iter 55 | Loss A:0.2155 B:0.1983 C:0.2605 | ε:0.2937 | Dist(BC):0.2422
Iter 60 | Loss A:0.2100 B:0.1983 C:0.2592 | ε:0.3075 | Dist(BC):0.2396
Iter 65 | Loss A:0.2128 B:0.1983 C:0.2602 | ε:0.3147 | Dist(BC):0.2410
Iter 70 | Loss A:0.2048 B:0.1983 C:0.2606 | ε:0.2868 | Dist(BC):0.2425
Iter 75 | Loss A:0.2038 B:0.1983 C:0.2600 | ε:0.2655 | Dist(BC):0.2416
Iter 80 | Loss A:0.2030 B:0.1983 C:0.2598 | ε:0.2678 | Dist(BC):0.2417
Iter 85 | Loss A:0.2057 B:0.1983 C:0.2595 | ε:0.2787 | Dist(BC):0.2406
Iter 90 | Loss A:0.2049 B:0.1983 C:0.2604 | ε:0.2976 | Dist(BC):0.2425
Iter 95 | Loss A:0.2050 B:0.1983 C:0.2606 | ε:0.2763 | Dist(BC):0.2428
Iter 100 | Loss A:0.2039 B:0.1983 C:0.2608 | ε:0.2747 | Dist(BC):0.2434

--- 実行 3 / 1000 ---
--- プレラン（事前学習）を開始: 15 イテレーション ---
プレラン完了。計算された固定クリッピング閾値 C = 0.106014

=== 実験開始 (A:DP, B:Baseline, C:CKKS) ===
Iter 01 | Loss A:0.2403 B:0.2445 C:0.2734 | ε:0.2660 | Dist(BC):0.0567
Iter 05 | Loss A:0.2135 B:0.2072 C:0.2677 | ε:0.2528 | Dist(BC):0.1641
Iter 10 | Loss A:0.2160 B:0.2003 C:0.2661 | ε:0.2592 | Dist(BC):0.2114
Iter 15 | Loss A:0.2144 B:0.1990 C:0.2614 | ε:0.2546 | Dist(BC):0.2220
Iter 20 | Loss A:0.2077 B:0.1986 C:0.2612 | ε:0.2677 | Dist(BC):0.2312
Iter 25 | Loss A:0.2193 B:0.1984 C:0.2582 | ε:0.3068 | Dist(BC):0.2314
Iter 30 | Loss A:0.2200 B:0.1984 C:0.2588 | ε:0.3181 | Dist(BC):0.2355
Iter 35 | Loss A:0.2133 B:0.1983 C:0.2604 | ε:0.3128 | Dist(BC):0.2407
Iter 40 | Loss A:0.2108 B:0.1983 C:0.2614 | ε:0.2940 | Dist(BC):0.2445
Iter 45 | Loss A:0.2127 B:0.1983 C:0.2613 | ε:0.2830 | Dist(BC):0.2455
Iter 50 | Loss A:0.2167 B:0.1983 C:0.2610 | ε:0.2630 | Dist(BC):0.2454
Iter 55 | Loss A:0.2135 B:0.1983 C:0.2598 | ε:0.2496 | Dist(BC):0.2442
Iter 60 | Loss A:0.2084 B:0.1983 C:0.2594 | ε:0.2858 | Dist(BC):0.2432
Iter 65 | Loss A:0.2056 B:0.1983 C:0.2596 | ε:0.2937 | Dist(BC):0.2440
Iter 70 | Loss A:0.2020 B:0.1983 C:0.2584 | ε:0.2643 | Dist(BC):0.2415
Iter 75 | Loss A:0.2030 B:0.1983 C:0.2583 | ε:0.2751 | Dist(BC):0.2417
Iter 80 | Loss A:0.2015 B:0.1983 C:0.2575 | ε:0.2715 | Dist(BC):0.2401
Iter 85 | Loss A:0.2007 B:0.1983 C:0.2579 | ε:0.2612 | Dist(BC):0.2409
Iter 90 | Loss A:0.2015 B:0.1983 C:0.2573 | ε:0.2804 | Dist(BC):0.2393
Iter 95 | Loss A:0.2022 B:0.1983 C:0.2570 | ε:0.3112 | Dist(BC):0.2388
Iter 100 | Loss A:0.2015 B:0.1983 C:0.2580 | ε:0.2977 | Dist(BC):0.2407

--- 実行 4 / 1000 ---
--- プレラン（事前学習）を開始: 15 イテレーション ---
プレラン完了。計算された固定クリッピング閾値 C = 0.106014

=== 実験開始 (A:DP, B:Baseline, C:CKKS) ===
Iter 01 | Loss A:0.2318 B:0.2445 C:0.2752 | ε:0.2828 | Dist(BC):0.0599
Iter 05 | Loss A:0.2268 B:0.2072 C:0.2760 | ε:0.2774 | Dist(BC):0.1795
Iter 10 | Loss A:0.2139 B:0.2003 C:0.2739 | ε:0.3352 | Dist(BC):0.2253
Iter 15 | Loss A:0.2161 B:0.1990 C:0.2698 | ε:0.3637 | Dist(BC):0.2398
Iter 20 | Loss A:0.2243 B:0.1986 C:0.2678 | ε:0.3034 | Dist(BC):0.2450
Iter 25 | Loss A:0.2191 B:0.1984 C:0.2655 | ε:0.2839 | Dist(BC):0.2456
Iter 30 | Loss A:0.2101 B:0.1984 C:0.2673 | ε:0.2685 | Dist(BC):0.2521
Iter 35 | Loss A:0.2094 B:0.1983 C:0.2655 | ε:0.2544 | Dist(BC):0.2508
Iter 40 | Loss A:0.2152 B:0.1983 C:0.2642 | ε:0.2816 | Dist(BC):0.2498
Iter 45 | Loss A:0.2093 B:0.1983 C:0.2639 | ε:0.3126 | Dist(BC):0.2506
Iter 50 | Loss A:0.2089 B:0.1983 C:0.2629 | ε:0.2957 | Dist(BC):0.2485
Iter 55 | Loss A:0.2057 B:0.1983 C:0.2640 | ε:0.2615 | Dist(BC):0.2516
Iter 60 | Loss A:0.2042 B:0.1983 C:0.2629 | ε:0.2860 | Dist(BC):0.2508
Iter 65 | Loss A:0.2039 B:0.1983 C:0.2616 | ε:0.3045 | Dist(BC):0.2492
Iter 70 | Loss A:0.2054 B:0.1983 C:0.2608 | ε:0.2719 | Dist(BC):0.2477
Iter 75 | Loss A:0.2074 B:0.1983 C:0.2596 | ε:0.2745 | Dist(BC):0.2451
Iter 80 | Loss A:0.2088 B:0.1983 C:0.2592 | ε:0.2854 | Dist(BC):0.2446
Iter 85 | Loss A:0.2064 B:0.1983 C:0.2562 | ε:0.3060 | Dist(BC):0.2388
Iter 90 | Loss A:0.2033 B:0.1983 C:0.2552 | ε:0.2724 | Dist(BC):0.2370
Iter 95 | Loss A:0.2043 B:0.1983 C:0.2554 | ε:0.2716 | Dist(BC):0.2376
Iter 100 | Loss A:0.2037 B:0.1983 C:0.2560 | ε:0.3001 | Dist(BC):0.2392

--- 実行 5 / 1000 ---
--- プレラン（事前学習）を開始: 15 イテレーション ---
プレラン完了。計算された固定クリッピング閾値 C = 0.106014

=== 実験開始 (A:DP, B:Baseline, C:CKKS) ===
Iter 01 | Loss A:0.2688 B:0.2445 C:0.2726 | ε:0.3278 | Dist(BC):0.0554
Iter 05 | Loss A:0.2240 B:0.2072 C:0.2672 | ε:0.3344 | Dist(BC):0.1632
Iter 10 | Loss A:0.2168 B:0.2003 C:0.2651 | ε:0.3568 | Dist(BC):0.2085
Iter 15 | Loss A:0.2107 B:0.1990 C:0.2688 | ε:0.3675 | Dist(BC):0.2337
Iter 20 | Loss A:0.2031 B:0.1986 C:0.2671 | ε:0.3378 | Dist(BC):0.2396
Iter 25 | Loss A:0.2034 B:0.1984 C:0.2651 | ε:0.3092 | Dist(BC):0.2397
Iter 30 | Loss A:0.2025 B:0.1984 C:0.2628 | ε:0.3058 | Dist(BC):0.2391
Iter 35 | Loss A:0.2049 B:0.1983 C:0.2573 | ε:0.3276 | Dist(BC):0.2308
Iter 40 | Loss A:0.2044 B:0.1983 C:0.2551 | ε:0.3121 | Dist(BC):0.2276
Iter 45 | Loss A:0.2030 B:0.1983 C:0.2547 | ε:0.2780 | Dist(BC):0.2272
Iter 50 | Loss A:0.2049 B:0.1983 C:0.2565 | ε:0.3021 | Dist(BC):0.2306
Iter 55 | Loss A:0.2028 B:0.1983 C:0.2560 | ε:0.2973 | Dist(BC):0.2304
Iter 60 | Loss A:0.2023 B:0.1983 C:0.2575 | ε:0.3054 | Dist(BC):0.2320
Iter 65 | Loss A:0.2040 B:0.1983 C:0.2573 | ε:0.3365 | Dist(BC):0.2323
Iter 70 | Loss A:0.2037 B:0.1983 C:0.2569 | ε:0.2769 | Dist(BC):0.2314
Iter 75 | Loss A:0.2043 B:0.1983 C:0.2555 | ε:0.2526 | Dist(BC):0.2292
Iter 80 | Loss A:0.2049 B:0.1983 C:0.2555 | ε:0.2893 | Dist(BC):0.2299
Iter 85 | Loss A:0.2050 B:0.1983 C:0.2545 | ε:0.3266 | Dist(BC):0.2281
Iter 90 | Loss A:0.2025 B:0.1983 C:0.2533 | ε:0.2837 | Dist(BC):0.2263
Iter 95 | Loss A:0.2012 B:0.1983 C:0.2535 | ε:0.2779 | Dist(BC):0.2276
Iter 100 | Loss A:0.2040 B:0.1983 C:0.2515 | ε:0.3013 | Dist(BC):0.2237

--- 実行 6 / 1000 ---
--- プレラン（事前学習）を開始: 15 イテレーション ---
プレラン完了。計算された固定クリッピング閾値 C = 0.106014

=== 実験開始 (A:DP, B:Baseline, C:CKKS) ===
Iter 01 | Loss A:0.2609 B:0.2445 C:0.2746 | ε:0.2711 | Dist(BC):0.0590
Iter 05 | Loss A:0.2202 B:0.2072 C:0.2722 | ε:0.2646 | Dist(BC):0.1725
Iter 10 | Loss A:0.2145 B:0.2003 C:0.2664 | ε:0.2925 | Dist(BC):0.2115
Iter 15 | Loss A:0.2132 B:0.1990 C:0.2681 | ε:0.3070 | Dist(BC):0.2333
Iter 20 | Loss A:0.2081 B:0.1986 C:0.2642 | ε:0.2713 | Dist(BC):0.2358
Iter 25 | Loss A:0.2081 B:0.1984 C:0.2630 | ε:0.2507 | Dist(BC):0.2390
Iter 30 | Loss A:0.2075 B:0.1984 C:0.2620 | ε:0.2771 | Dist(BC):0.2398
Iter 35 | Loss A:0.2038 B:0.1983 C:0.2597 | ε:0.2997 | Dist(BC):0.2374
Iter 40 | Loss A:0.2035 B:0.1983 C:0.2579 | ε:0.3001 | Dist(BC):0.2359
Iter 45 | Loss A:0.2058 B:0.1983 C:0.2563 | ε:0.2830 | Dist(BC):0.2337
Iter 50 | Loss A:0.2115 B:0.1983 C:0.2560 | ε:0.2636 | Dist(BC):0.2333
Iter 55 | Loss A:0.2075 B:0.1983 C:0.2542 | ε:0.2749 | Dist(BC):0.2306
Iter 60 | Loss A:0.2045 B:0.1983 C:0.2542 | ε:0.2681 | Dist(BC):0.2313
Iter 65 | Loss A:0.2057 B:0.1983 C:0.2529 | ε:0.2999 | Dist(BC):0.2293
Iter 70 | Loss A:0.2048 B:0.1983 C:0.2523 | ε:0.3050 | Dist(BC):0.2285
Iter 75 | Loss A:0.2046 B:0.1983 C:0.2531 | ε:0.2839 | Dist(BC):0.2302
Iter 80 | Loss A:0.2058 B:0.1983 C:0.2537 | ε:0.3122 | Dist(BC):0.2314
Iter 85 | Loss A:0.2039 B:0.1983 C:0.2542 | ε:0.3152 | Dist(BC):0.2326
Iter 90 | Loss A:0.2048 B:0.1983 C:0.2530 | ε:0.2871 | Dist(BC):0.2307
Iter 95 | Loss A:0.2034 B:0.1983 C:0.2521 | ε:0.2896 | Dist(BC):0.2291
Iter 100 | Loss A:0.2035 B:0.1983 C:0.2507 | ε:0.3188 | Dist(BC):0.2265

--- 実行 7 / 1000 ---
--- プレラン（事前学習）を開始: 15 イテレーション ---
プレラン完了。計算された固定クリッピング閾値 C = 0.106014

=== 実験開始 (A:DP, B:Baseline, C:CKKS) ===
Iter 01 | Loss A:0.2709 B:0.2445 C:0.2719 | ε:0.3024 | Dist(BC):0.0542
Iter 05 | Loss A:0.2419 B:0.2072 C:0.2645 | ε:0.3058 | Dist(BC):0.1579
Iter 10 | Loss A:0.2094 B:0.2003 C:0.2597 | ε:0.3169 | Dist(BC):0.1983
Iter 15 | Loss A:0.2096 B:0.1990 C:0.2590 | ε:0.3040 | Dist(BC):0.2159
Iter 20 | Loss A:0.2064 B:0.1986 C:0.2598 | ε:0.2892 | Dist(BC):0.2268
Iter 25 | Loss A:0.2092 B:0.1984 C:0.2597 | ε:0.2671 | Dist(BC):0.2317
Iter 30 | Loss A:0.2140 B:0.1984 C:0.2600 | ε:0.2647 | Dist(BC):0.2340
Iter 35 | Loss A:0.2086 B:0.1983 C:0.2580 | ε:0.2979 | Dist(BC):0.2307
Iter 40 | Loss A:0.2056 B:0.1983 C:0.2583 | ε:0.2654 | Dist(BC):0.2328
Iter 45 | Loss A:0.2021 B:0.1983 C:0.2577 | ε:0.2477 | Dist(BC):0.2315
Iter 50 | Loss A:0.2013 B:0.1983 C:0.2582 | ε:0.2557 | Dist(BC):0.2326
Iter 55 | Loss A:0.2010 B:0.1983 C:0.2569 | ε:0.2629 | Dist(BC):0.2300
Iter 60 | Loss A:0.2019 B:0.1983 C:0.2565 | ε:0.2860 | Dist(BC):0.2303
Iter 65 | Loss A:0.2034 B:0.1983 C:0.2550 | ε:0.3052 | Dist(BC):0.2277
Iter 70 | Loss A:0.2072 B:0.1983 C:0.2533 | ε:0.2867 | Dist(BC):0.2244
Iter 75 | Loss A:0.2055 B:0.1983 C:0.2522 | ε:0.2877 | Dist(BC):0.2226
Iter 80 | Loss A:0.2049 B:0.1983 C:0.2525 | ε:0.3039 | Dist(BC):0.2225
Iter 85 | Loss A:0.2022 B:0.1983 C:0.2521 | ε:0.2917 | Dist(BC):0.2218
Iter 90 | Loss A:0.2014 B:0.1983 C:0.2522 | ε:0.2930 | Dist(BC):0.2221
Iter 95 | Loss A:0.2020 B:0.1983 C:0.2518 | ε:0.2837 | Dist(BC):0.2215
Iter 100 | Loss A:0.2009 B:0.1983 C:0.2513 | ε:0.3073 | Dist(BC):0.2208

--- 実行 8 / 1000 ---
--- プレラン（事前学習）を開始: 15 イテレーション ---
プレラン完了。計算された固定クリッピング閾値 C = 0.106014

=== 実験開始 (A:DP, B:Baseline, C:CKKS) ===
Iter 01 | Loss A:0.2383 B:0.2445 C:0.2754 | ε:0.3426 | Dist(BC):0.0603
Iter 05 | Loss A:0.2470 B:0.2072 C:0.2728 | ε:0.3111 | Dist(BC):0.1728
Iter 10 | Loss A:0.2161 B:0.2003 C:0.2657 | ε:0.3046 | Dist(BC):0.2114
Iter 15 | Loss A:0.2061 B:0.1990 C:0.2669 | ε:0.3032 | Dist(BC):0.2326
Iter 20 | Loss A:0.2043 B:0.1986 C:0.2655 | ε:0.3168 | Dist(BC):0.2405
Iter 25 | Loss A:0.2125 B:0.1984 C:0.2616 | ε:0.3302 | Dist(BC):0.2387
Iter 30 | Loss A:0.2115 B:0.1984 C:0.2598 | ε:0.3255 | Dist(BC):0.2380
Iter 35 | Loss A:0.2081 B:0.1983 C:0.2566 | ε:0.2879 | Dist(BC):0.2328
Iter 40 | Loss A:0.2067 B:0.1983 C:0.2577 | ε:0.2789 | Dist(BC):0.2369
Iter 45 | Loss A:0.2083 B:0.1983 C:0.2564 | ε:0.2908 | Dist(BC):0.2359
Iter 50 | Loss A:0.2068 B:0.1983 C:0.2556 | ε:0.2940 | Dist(BC):0.2347
Iter 55 | Loss A:0.2055 B:0.1983 C:0.2534 | ε:0.3136 | Dist(BC):0.2306
Iter 60 | Loss A:0.2013 B:0.1983 C:0.2538 | ε:0.3242 | Dist(BC):0.2322
Iter 65 | Loss A:0.2050 B:0.1983 C:0.2546 | ε:0.2835 | Dist(BC):0.2338
Iter 70 | Loss A:0.2045 B:0.1983 C:0.2550 | ε:0.2794 | Dist(BC):0.2353
Iter 75 | Loss A:0.2039 B:0.1983 C:0.2547 | ε:0.2998 | Dist(BC):0.2353
Iter 80 | Loss A:0.2025 B:0.1983 C:0.2547 | ε:0.3022 | Dist(BC):0.2353
Iter 85 | Loss A:0.2014 B:0.1983 C:0.2546 | ε:0.2900 | Dist(BC):0.2354
Iter 90 | Loss A:0.2014 B:0.1983 C:0.2541 | ε:0.2728 | Dist(BC):0.2343
Iter 95 | Loss A:0.2015 B:0.1983 C:0.2532 | ε:0.3004 | Dist(BC):0.2328
Iter 100 | Loss A:0.2006 B:0.1983 C:0.2533 | ε:0.3055 | Dist(BC):0.2326

--- 実行 9 / 1000 ---
--- プレラン（事前学習）を開始: 15 イテレーション ---
プレラン完了。計算された固定クリッピング閾値 C = 0.106014

=== 実験開始 (A:DP, B:Baseline, C:CKKS) ===
Iter 01 | Loss A:0.2427 B:0.2445 C:0.2730 | ε:0.2729 | Dist(BC):0.0562
Iter 05 | Loss A:0.2514 B:0.2072 C:0.2693 | ε:0.3126 | Dist(BC):0.1682
Iter 10 | Loss A:0.2176 B:0.2003 C:0.2662 | ε:0.2924 | Dist(BC):0.2128
Iter 15 | Loss A:0.2148 B:0.1990 C:0.2628 | ε:0.3102 | Dist(BC):0.2267
Iter 20 | Loss A:0.2126 B:0.1986 C:0.2645 | ε:0.3249 | Dist(BC):0.2397
Iter 25 | Loss A:0.2165 B:0.1984 C:0.2617 | ε:0.3123 | Dist(BC):0.2407
Iter 30 | Loss A:0.2103 B:0.1984 C:0.2607 | ε:0.2937 | Dist(BC):0.2409
Iter 35 | Loss A:0.2063 B:0.1983 C:0.2592 | ε:0.2623 | Dist(BC):0.2403
Iter 40 | Loss A:0.2028 B:0.1983 C:0.2584 | ε:0.2583 | Dist(BC):0.2402
Iter 45 | Loss A:0.2061 B:0.1983 C:0.2585 | ε:0.2649 | Dist(BC):0.2412
Iter 50 | Loss A:0.2043 B:0.1983 C:0.2582 | ε:0.2876 | Dist(BC):0.2415
Iter 55 | Loss A:0.2032 B:0.1983 C:0.2573 | ε:0.2817 | Dist(BC):0.2406
Iter 60 | Loss A:0.2036 B:0.1983 C:0.2555 | ε:0.2688 | Dist(BC):0.2385
Iter 65 | Loss A:0.2039 B:0.1983 C:0.2538 | ε:0.2915 | Dist(BC):0.2357
Iter 70 | Loss A:0.2007 B:0.1983 C:0.2527 | ε:0.2894 | Dist(BC):0.2333
Iter 75 | Loss A:0.2008 B:0.1983 C:0.2506 | ε:0.2643 | Dist(BC):0.2295
Iter 80 | Loss A:0.2013 B:0.1983 C:0.2497 | ε:0.2591 | Dist(BC):0.2282
Iter 85 | Loss A:0.2022 B:0.1983 C:0.2500 | ε:0.2832 | Dist(BC):0.2285
Iter 90 | Loss A:0.2022 B:0.1983 C:0.2497 | ε:0.2927 | Dist(BC):0.2279
Iter 95 | Loss A:0.2027 B:0.1983 C:0.2485 | ε:0.2691 | Dist(BC):0.2253
Iter 100 | Loss A:0.2023 B:0.1983 C:0.2472 | ε:0.2599 | Dist(BC):0.2225

--- 実行 10 / 1000 ---
--- プレラン（事前学習）を開始: 15 イテレーション ---
プレラン完了。計算された固定クリッピング閾値 C = 0.106014

=== 実験開始 (A:DP, B:Baseline, C:CKKS) ===
Iter 01 | Loss A:0.2343 B:0.2445 C:0.2741 | ε:0.3483 | Dist(BC):0.0581
Iter 05 | Loss A:0.2189 B:0.2072 C:0.2725 | ε:0.3014 | Dist(BC):0.1728
Iter 10 | Loss A:0.2057 B:0.2003 C:0.2662 | ε:0.2985 | Dist(BC):0.2128
Iter 15 | Loss A:0.2155 B:0.1990 C:0.2671 | ε:0.2809 | Dist(BC):0.2340
Iter 20 | Loss A:0.2111 B:0.1986 C:0.2653 | ε:0.2834 | Dist(BC):0.2389
Iter 25 | Loss A:0.2077 B:0.1984 C:0.2656 | ε:0.2762 | Dist(BC):0.2457
Iter 30 | Loss A:0.2091 B:0.1984 C:0.2624 | ε:0.2743 | Dist(BC):0.2414
Iter 35 | Loss A:0.2210 B:0.1983 C:0.2628 | ε:0.2939 | Dist(BC):0.2446
Iter 40 | Loss A:0.2196 B:0.1983 C:0.2622 | ε:0.3265 | Dist(BC):0.2443
Iter 45 | Loss A:0.2134 B:0.1983 C:0.2607 | ε:0.3355 | Dist(BC):0.2428
Iter 50 | Loss A:0.2096 B:0.1983 C:0.2590 | ε:0.3180 | Dist(BC):0.2397
Iter 55 | Loss A:0.2096 B:0.1983 C:0.2579 | ε:0.3056 | Dist(BC):0.2376
Iter 60 | Loss A:0.2082 B:0.1983 C:0.2596 | ε:0.2831 | Dist(BC):0.2412
Iter 65 | Loss A:0.2064 B:0.1983 C:0.2584 | ε:0.3039 | Dist(BC):0.2391
Iter 70 | Loss A:0.2050 B:0.1983 C:0.2578 | ε:0.3015 | Dist(BC):0.2389
Iter 75 | Loss A:0.2072 B:0.1983 C:0.2574 | ε:0.2647 | Dist(BC):0.2382
Iter 80 | Loss A:0.2047 B:0.1983 C:0.2567 | ε:0.2794 | Dist(BC):0.2371
Iter 85 | Loss A:0.2054 B:0.1983 C:0.2559 | ε:0.2709 | Dist(BC):0.2357
Iter 90 | Loss A:0.2035 B:0.1983 C:0.2550 | ε:0.2637 | Dist(BC):0.2344
Iter 95 | Loss A:0.2037 B:0.1983 C:0.2546 | ε:0.3194 | Dist(BC):0.2338
Iter 100 | Loss A:0.2029 B:0.1983 C:0.2546 | ε:0.3231 | Dist(BC):0.2340

--- 実行 11 / 1000 ---
--- プレラン（事前学習）を開始: 15 イテレーション ---
プレラン完了。計算された固定クリッピング閾値 C = 0.106014

=== 実験開始 (A:DP, B:Baseline, C:CKKS) ===
Iter 01 | Loss A:0.2364 B:0.2445 C:0.2736 | ε:0.3178 | Dist(BC):0.0572
Iter 05 | Loss A:0.2230 B:0.2072 C:0.2722 | ε:0.2330 | Dist(BC):0.1729
Iter 10 | Loss A:0.2203 B:0.2003 C:0.2723 | ε:0.2720 | Dist(BC):0.2234
Iter 15 | Loss A:0.2218 B:0.1990 C:0.2715 | ε:0.2973 | Dist(BC):0.2413
Iter 20 | Loss A:0.2270 B:0.1986 C:0.2713 | ε:0.2730 | Dist(BC):0.2501
Iter 25 | Loss A:0.2160 B:0.1984 C:0.2711 | ε:0.2707 | Dist(BC):0.2556
Iter 30 | Loss A:0.2085 B:0.1984 C:0.2694 | ε:0.2821 | Dist(BC):0.2559
Iter 35 | Loss A:0.2071 B:0.1983 C:0.2668 | ε:0.3269 | Dist(BC):0.2531
Iter 40 | Loss A:0.2078 B:0.1983 C:0.2659 | ε:0.3325 | Dist(BC):0.2523
Iter 45 | Loss A:0.2083 B:0.1983 C:0.2664 | ε:0.3034 | Dist(BC):0.2532
Iter 50 | Loss A:0.2055 B:0.1983 C:0.2646 | ε:0.2872 | Dist(BC):0.2498
Iter 55 | Loss A:0.2023 B:0.1983 C:0.2644 | ε:0.3064 | Dist(BC):0.2498
Iter 60 | Loss A:0.2082 B:0.1983 C:0.2639 | ε:0.3148 | Dist(BC):0.2497
Iter 65 | Loss A:0.2065 B:0.1983 C:0.2634 | ε:0.2782 | Dist(BC):0.2485
Iter 70 | Loss A:0.2043 B:0.1983 C:0.2614 | ε:0.2510 | Dist(BC):0.2450
Iter 75 | Loss A:0.2048 B:0.1983 C:0.2625 | ε:0.2635 | Dist(BC):0.2467
Iter 80 | Loss A:0.2047 B:0.1983 C:0.2615 | ε:0.2880 | Dist(BC):0.2451
Iter 85 | Loss A:0.2030 B:0.1983 C:0.2609 | ε:0.2690 | Dist(BC):0.2435
Iter 90 | Loss A:0.2033 B:0.1983 C:0.2606 | ε:0.2741 | Dist(BC):0.2425
Iter 95 | Loss A:0.2039 B:0.1983 C:0.2607 | ε:0.2613 | Dist(BC):0.2432
Iter 100 | Loss A:0.2031 B:0.1983 C:0.2603 | ε:0.2668 | Dist(BC):0.2426

--- 実行 12 / 1000 ---
--- プレラン（事前学習）を開始: 15 イテレーション ---
プレラン完了。計算された固定クリッピング閾値 C = 0.106014

=== 実験開始 (A:DP, B:Baseline, C:CKKS) ===
Iter 01 | Loss A:0.2465 B:0.2445 C:0.2748 | ε:0.1848 | Dist(BC):0.0592
Iter 05 | Loss A:0.2223 B:0.2072 C:0.2700 | ε:0.2631 | Dist(BC):0.1678
Iter 10 | Loss A:0.2164 B:0.2003 C:0.2676 | ε:0.2792 | Dist(BC):0.2130
Iter 15 | Loss A:0.2048 B:0.1990 C:0.2685 | ε:0.2943 | Dist(BC):0.2339
Iter 20 | Loss A:0.2067 B:0.1986 C:0.2692 | ε:0.3178 | Dist(BC):0.2434
Iter 25 | Loss A:0.2168 B:0.1984 C:0.2698 | ε:0.3604 | Dist(BC):0.2497
Iter 30 | Loss A:0.2138 B:0.1984 C:0.2636 | ε:0.3433 | Dist(BC):0.2424
Iter 35 | Loss A:0.2157 B:0.1983 C:0.2617 | ε:0.3028 | Dist(BC):0.2401
Iter 40 | Loss A:0.2165 B:0.1983 C:0.2605 | ε:0.2851 | Dist(BC):0.2384
Iter 45 | Loss A:0.2125 B:0.1983 C:0.2620 | ε:0.3251 | Dist(BC):0.2430
Iter 50 | Loss A:0.2091 B:0.1983 C:0.2606 | ε:0.3221 | Dist(BC):0.2409
Iter 55 | Loss A:0.2099 B:0.1983 C:0.2600 | ε:0.2906 | Dist(BC):0.2398
Iter 60 | Loss A:0.2113 B:0.1983 C:0.2582 | ε:0.3118 | Dist(BC):0.2367
Iter 65 | Loss A:0.2096 B:0.1983 C:0.2574 | ε:0.2936 | Dist(BC):0.2362
Iter 70 | Loss A:0.2117 B:0.1983 C:0.2563 | ε:0.2902 | Dist(BC):0.2338
Iter 75 | Loss A:0.2070 B:0.1983 C:0.2570 | ε:0.2758 | Dist(BC):0.2358
Iter 80 | Loss A:0.2058 B:0.1983 C:0.2570 | ε:0.2896 | Dist(BC):0.2355
Iter 85 | Loss A:0.2056 B:0.1983 C:0.2559 | ε:0.3227 | Dist(BC):0.2338
Iter 90 | Loss A:0.2062 B:0.1983 C:0.2560 | ε:0.2765 | Dist(BC):0.2341
Iter 95 | Loss A:0.2064 B:0.1983 C:0.2554 | ε:0.2661 | Dist(BC):0.2331
Iter 100 | Loss A:0.2061 B:0.1983 C:0.2551 | ε:0.2836 | Dist(BC):0.2319

--- 実行 13 / 1000 ---
--- プレラン（事前学習）を開始: 15 イテレーション ---
プレラン完了。計算された固定クリッピング閾値 C = 0.106014

=== 実験開始 (A:DP, B:Baseline, C:CKKS) ===
Iter 01 | Loss A:0.2952 B:0.2445 C:0.2743 | ε:0.4016 | Dist(BC):0.0585
Iter 05 | Loss A:0.2665 B:0.2072 C:0.2735 | ε:0.2889 | Dist(BC):0.1741
Iter 10 | Loss A:0.2666 B:0.2003 C:0.2772 | ε:0.2852 | Dist(BC):0.2300
Iter 15 | Loss A:0.2272 B:0.1990 C:0.2793 | ε:0.2992 | Dist(BC):0.2526
Iter 20 | Loss A:0.2175 B:0.1986 C:0.2788 | ε:0.2910 | Dist(BC):0.2587
Iter 25 | Loss A:0.2098 B:0.1984 C:0.2766 | ε:0.2799 | Dist(BC):0.2597
Iter 30 | Loss A:0.2087 B:0.1984 C:0.2759 | ε:0.3025 | Dist(BC):0.2604
Iter 35 | Loss A:0.2081 B:0.1983 C:0.2739 | ε:0.2884 | Dist(BC):0.2601
Iter 40 | Loss A:0.2132 B:0.1983 C:0.2727 | ε:0.2873 | Dist(BC):0.2598
Iter 45 | Loss A:0.2060 B:0.1983 C:0.2713 | ε:0.2782 | Dist(BC):0.2589
Iter 50 | Loss A:0.2052 B:0.1983 C:0.2710 | ε:0.2495 | Dist(BC):0.2591
Iter 55 | Loss A:0.2054 B:0.1983 C:0.2703 | ε:0.2799 | Dist(BC):0.2587
Iter 60 | Loss A:0.2064 B:0.1983 C:0.2697 | ε:0.3003 | Dist(BC):0.2576
Iter 65 | Loss A:0.2069 B:0.1983 C:0.2702 | ε:0.3017 | Dist(BC):0.2587
Iter 70 | Loss A:0.2072 B:0.1983 C:0.2701 | ε:0.3381 | Dist(BC):0.2584
Iter 75 | Loss A:0.2069 B:0.1983 C:0.2695 | ε:0.3501 | Dist(BC):0.2573
Iter 80 | Loss A:0.2070 B:0.1983 C:0.2693 | ε:0.3143 | Dist(BC):0.2568
Iter 85 | Loss A:0.2095 B:0.1983 C:0.2690 | ε:0.2744 | Dist(BC):0.2569
Iter 90 | Loss A:0.2054 B:0.1983 C:0.2687 | ε:0.2894 | Dist(BC):0.2566
Iter 95 | Loss A:0.2026 B:0.1983 C:0.2687 | ε:0.3185 | Dist(BC):0.2568
Iter 100 | Loss A:0.2010 B:0.1983 C:0.2688 | ε:0.3114 | Dist(BC):0.2574

--- 実行 14 / 1000 ---
--- プレラン（事前学習）を開始: 15 イテレーション ---
プレラン完了。計算された固定クリッピング閾値 C = 0.106014

=== 実験開始 (A:DP, B:Baseline, C:CKKS) ===
Iter 01 | Loss A:0.2517 B:0.2445 C:0.2767 | ε:0.2526 | Dist(BC):0.0624
Iter 05 | Loss A:0.2078 B:0.2072 C:0.2778 | ε:0.2687 | Dist(BC):0.1822
Iter 10 | Loss A:0.2206 B:0.2003 C:0.2779 | ε:0.2649 | Dist(BC):0.2314
Iter 15 | Loss A:0.2200 B:0.1990 C:0.2763 | ε:0.2850 | Dist(BC):0.2470
Iter 20 | Loss A:0.2164 B:0.1986 C:0.2718 | ε:0.2856 | Dist(BC):0.2476
Iter 25 | Loss A:0.2211 B:0.1984 C:0.2692 | ε:0.2834 | Dist(BC):0.2481
Iter 30 | Loss A:0.2201 B:0.1984 C:0.2673 | ε:0.2748 | Dist(BC):0.2482
Iter 35 | Loss A:0.2060 B:0.1983 C:0.2682 | ε:0.2590 | Dist(BC):0.2515
Iter 40 | Loss A:0.2049 B:0.1983 C:0.2670 | ε:0.3043 | Dist(BC):0.2520
Iter 45 | Loss A:0.2069 B:0.1983 C:0.2662 | ε:0.3372 | Dist(BC):0.2513
Iter 50 | Loss A:0.2037 B:0.1983 C:0.2651 | ε:0.3104 | Dist(BC):0.2490
Iter 55 | Loss A:0.2059 B:0.1983 C:0.2648 | ε:0.3131 | Dist(BC):0.2487
Iter 60 | Loss A:0.2028 B:0.1983 C:0.2640 | ε:0.3312 | Dist(BC):0.2476
Iter 65 | Loss A:0.2052 B:0.1983 C:0.2637 | ε:0.3137 | Dist(BC):0.2476
Iter 70 | Loss A:0.2048 B:0.1983 C:0.2629 | ε:0.3064 | Dist(BC):0.2465
Iter 75 | Loss A:0.2060 B:0.1983 C:0.2628 | ε:0.2886 | Dist(BC):0.2470
Iter 80 | Loss A:0.2081 B:0.1983 C:0.2620 | ε:0.2637 | Dist(BC):0.2459
Iter 85 | Loss A:0.2088 B:0.1983 C:0.2623 | ε:0.2619 | Dist(BC):0.2465
Iter 90 | Loss A:0.2088 B:0.1983 C:0.2616 | ε:0.2671 | Dist(BC):0.2454
Iter 95 | Loss A:0.2078 B:0.1983 C:0.2609 | ε:0.2820 | Dist(BC):0.2439
Iter 100 | Loss A:0.2046 B:0.1983 C:0.2602 | ε:0.3180 | Dist(BC):0.2430

--- 実行 15 / 1000 ---
--- プレラン（事前学習）を開始: 15 イテレーション ---
プレラン完了。計算された固定クリッピング閾値 C = 0.106014

=== 実験開始 (A:DP, B:Baseline, C:CKKS) ===
Iter 01 | Loss A:0.2293 B:0.2445 C:0.2724 | ε:0.3537 | Dist(BC):0.0550
Iter 05 | Loss A:0.2077 B:0.2072 C:0.2736 | ε:0.2737 | Dist(BC):0.1747
Iter 10 | Loss A:0.2208 B:0.2003 C:0.2658 | ε:0.2949 | Dist(BC):0.2117
Iter 15 | Loss A:0.2043 B:0.1990 C:0.2615 | ε:0.3463 | Dist(BC):0.2225
Iter 20 | Loss A:0.2110 B:0.1986 C:0.2600 | ε:0.3288 | Dist(BC):0.2299
Iter 25 | Loss A:0.2045 B:0.1984 C:0.2635 | ε:0.3194 | Dist(BC):0.2411
Iter 30 | Loss A:0.2045 B:0.1984 C:0.2621 | ε:0.3288 | Dist(BC):0.2414
Iter 35 | Loss A:0.2086 B:0.1983 C:0.2631 | ε:0.3069 | Dist(BC):0.2456
Iter 40 | Loss A:0.2095 B:0.1983 C:0.2618 | ε:0.2858 | Dist(BC):0.2454
Iter 45 | Loss A:0.2032 B:0.1983 C:0.2628 | ε:0.2949 | Dist(BC):0.2481
Iter 50 | Loss A:0.2098 B:0.1983 C:0.2644 | ε:0.3291 | Dist(BC):0.2516
Iter 55 | Loss A:0.2081 B:0.1983 C:0.2632 | ε:0.2755 | Dist(BC):0.2508
Iter 60 | Loss A:0.2113 B:0.1983 C:0.2612 | ε:0.2520 | Dist(BC):0.2477
Iter 65 | Loss A:0.2157 B:0.1983 C:0.2598 | ε:0.2865 | Dist(BC):0.2459
Iter 70 | Loss A:0.2109 B:0.1983 C:0.2599 | ε:0.2965 | Dist(BC):0.2464
Iter 75 | Loss A:0.2052 B:0.1983 C:0.2600 | ε:0.2924 | Dist(BC):0.2471
Iter 80 | Loss A:0.2032 B:0.1983 C:0.2605 | ε:0.3181 | Dist(BC):0.2486
Iter 85 | Loss A:0.2045 B:0.1983 C:0.2596 | ε:0.3453 | Dist(BC):0.2471
Iter 90 | Loss A:0.2054 B:0.1983 C:0.2587 | ε:0.2975 | Dist(BC):0.2450
Iter 95 | Loss A:0.2061 B:0.1983 C:0.2574 | ε:0.2814 | Dist(BC):0.2424
Iter 100 | Loss A:0.2067 B:0.1983 C:0.2576 | ε:0.2968 | Dist(BC):0.2427

--- 実行 16 / 1000 ---
--- プレラン（事前学習）を開始: 15 イテレーション ---
プレラン完了。計算された固定クリッピング閾値 C = 0.106014

=== 実験開始 (A:DP, B:Baseline, C:CKKS) ===
Iter 01 | Loss A:0.2545 B:0.2445 C:0.2761 | ε:0.3547 | Dist(BC):0.0614
Iter 05 | Loss A:0.2145 B:0.2072 C:0.2687 | ε:0.3197 | Dist(BC):0.1659
Iter 10 | Loss A:0.2025 B:0.2003 C:0.2661 | ε:0.2832 | Dist(BC):0.2123
Iter 15 | Loss A:0.2100 B:0.1990 C:0.2639 | ε:0.2929 | Dist(BC):0.2270
Iter 20 | Loss A:0.2120 B:0.1986 C:0.2619 | ε:0.3232 | Dist(BC):0.2331
Iter 25 | Loss A:0.2148 B:0.1984 C:0.2619 | ε:0.2934 | Dist(BC):0.2380
Iter 30 | Loss A:0.2091 B:0.1984 C:0.2606 | ε:0.2965 | Dist(BC):0.2376
Iter 35 | Loss A:0.2047 B:0.1983 C:0.2609 | ε:0.2869 | Dist(BC):0.2399
Iter 40 | Loss A:0.2028 B:0.1983 C:0.2589 | ε:0.2664 | Dist(BC):0.2377
Iter 45 | Loss A:0.2017 B:0.1983 C:0.2580 | ε:0.2674 | Dist(BC):0.2374
Iter 50 | Loss A:0.2041 B:0.1983 C:0.2569 | ε:0.3020 | Dist(BC):0.2356
Iter 55 | Loss A:0.2089 B:0.1983 C:0.2547 | ε:0.3373 | Dist(BC):0.2321
Iter 60 | Loss A:0.2084 B:0.1983 C:0.2537 | ε:0.3064 | Dist(BC):0.2301
Iter 65 | Loss A:0.2089 B:0.1983 C:0.2515 | ε:0.2775 | Dist(BC):0.2258
Iter 70 | Loss A:0.2077 B:0.1983 C:0.2505 | ε:0.2814 | Dist(BC):0.2240
Iter 75 | Loss A:0.2062 B:0.1983 C:0.2498 | ε:0.2911 | Dist(BC):0.2225
Iter 80 | Loss A:0.2074 B:0.1983 C:0.2500 | ε:0.2893 | Dist(BC):0.2229
Iter 85 | Loss A:0.2071 B:0.1983 C:0.2495 | ε:0.2982 | Dist(BC):0.2216
Iter 90 | Loss A:0.2037 B:0.1983 C:0.2488 | ε:0.2998 | Dist(BC):0.2198
Iter 95 | Loss A:0.2045 B:0.1983 C:0.2476 | ε:0.2933 | Dist(BC):0.2176
Iter 100 | Loss A:0.2031 B:0.1983 C:0.2462 | ε:0.2884 | Dist(BC):0.2148

--- 実行 17 / 1000 ---
--- プレラン（事前学習）を開始: 15 イテレーション ---
プレラン完了。計算された固定クリッピング閾値 C = 0.106014

=== 実験開始 (A:DP, B:Baseline, C:CKKS) ===
Iter 01 | Loss A:0.2394 B:0.2445 C:0.2748 | ε:0.2379 | Dist(BC):0.0594
Iter 05 | Loss A:0.2121 B:0.2072 C:0.2706 | ε:0.2641 | Dist(BC):0.1695
Iter 10 | Loss A:0.2198 B:0.2003 C:0.2667 | ε:0.2878 | Dist(BC):0.2112
Iter 15 | Loss A:0.2152 B:0.1990 C:0.2654 | ε:0.2900 | Dist(BC):0.2283
Iter 20 | Loss A:0.2181 B:0.1986 C:0.2592 | ε:0.3060 | Dist(BC):0.2257
Iter 25 | Loss A:0.2155 B:0.1984 C:0.2534 | ε:0.3353 | Dist(BC):0.2198
Iter 30 | Loss A:0.2073 B:0.1984 C:0.2525 | ε:0.3053 | Dist(BC):0.2200
Iter 35 | Loss A:0.2080 B:0.1983 C:0.2507 | ε:0.2904 | Dist(BC):0.2181
Iter 40 | Loss A:0.2069 B:0.1983 C:0.2509 | ε:0.2986 | Dist(BC):0.2189
Iter 45 | Loss A:0.2072 B:0.1983 C:0.2502 | ε:0.3205 | Dist(BC):0.2181
Iter 50 | Loss A:0.2108 B:0.1983 C:0.2495 | ε:0.3193 | Dist(BC):0.2178
Iter 55 | Loss A:0.2080 B:0.1983 C:0.2479 | ε:0.3146 | Dist(BC):0.2147
Iter 60 | Loss A:0.2071 B:0.1983 C:0.2478 | ε:0.3203 | Dist(BC):0.2146
Iter 65 | Loss A:0.2072 B:0.1983 C:0.2475 | ε:0.3248 | Dist(BC):0.2151
Iter 70 | Loss A:0.2055 B:0.1983 C:0.2481 | ε:0.2755 | Dist(BC):0.2164
Iter 75 | Loss A:0.2045 B:0.1983 C:0.2463 | ε:0.2574 | Dist(BC):0.2130
Iter 80 | Loss A:0.2036 B:0.1983 C:0.2448 | ε:0.2792 | Dist(BC):0.2101
Iter 85 | Loss A:0.2022 B:0.1983 C:0.2446 | ε:0.2787 | Dist(BC):0.2099
Iter 90 | Loss A:0.2016 B:0.1983 C:0.2431 | ε:0.3061 | Dist(BC):0.2064
Iter 95 | Loss A:0.2018 B:0.1983 C:0.2424 | ε:0.3032 | Dist(BC):0.2051
Iter 100 | Loss A:0.2007 B:0.1983 C:0.2422 | ε:0.2900 | Dist(BC):0.2051

--- 実行 18 / 1000 ---
--- プレラン（事前学習）を開始: 15 イテレーション ---
プレラン完了。計算された固定クリッピング閾値 C = 0.106014

=== 実験開始 (A:DP, B:Baseline, C:CKKS) ===
Iter 01 | Loss A:0.2295 B:0.2445 C:0.2740 | ε:0.3020 | Dist(BC):0.0579
Iter 05 | Loss A:0.2064 B:0.2072 C:0.2712 | ε:0.3273 | Dist(BC):0.1704
Iter 10 | Loss A:0.2311 B:0.2003 C:0.2675 | ε:0.3245 | Dist(BC):0.2123
Iter 15 | Loss A:0.2038 B:0.1990 C:0.2656 | ε:0.3037 | Dist(BC):0.2264
Iter 20 | Loss A:0.2067 B:0.1986 C:0.2658 | ε:0.2888 | Dist(BC):0.2354
Iter 25 | Loss A:0.2040 B:0.1984 C:0.2661 | ε:0.2903 | Dist(BC):0.2396
Iter 30 | Loss A:0.2058 B:0.1984 C:0.2647 | ε:0.2818 | Dist(BC):0.2399
Iter 35 | Loss A:0.2031 B:0.1983 C:0.2643 | ε:0.2700 | Dist(BC):0.2406
Iter 40 | Loss A:0.2070 B:0.1983 C:0.2650 | ε:0.2831 | Dist(BC):0.2425
Iter 45 | Loss A:0.2081 B:0.1983 C:0.2665 | ε:0.3029 | Dist(BC):0.2452
Iter 50 | Loss A:0.2105 B:0.1983 C:0.2657 | ε:0.3024 | Dist(BC):0.2444
Iter 55 | Loss A:0.2036 B:0.1983 C:0.2648 | ε:0.3381 | Dist(BC):0.2435
Iter 60 | Loss A:0.2052 B:0.1983 C:0.2626 | ε:0.3526 | Dist(BC):0.2400
Iter 65 | Loss A:0.2022 B:0.1983 C:0.2631 | ε:0.2995 | Dist(BC):0.2402
Iter 70 | Loss A:0.2010 B:0.1983 C:0.2632 | ε:0.2962 | Dist(BC):0.2414
Iter 75 | Loss A:0.2040 B:0.1983 C:0.2618 | ε:0.2829 | Dist(BC):0.2396
Iter 80 | Loss A:0.2031 B:0.1983 C:0.2609 | ε:0.2586 | Dist(BC):0.2380
Iter 85 | Loss A:0.2063 B:0.1983 C:0.2611 | ε:0.2808 | Dist(BC):0.2387
Iter 90 | Loss A:0.2046 B:0.1983 C:0.2607 | ε:0.2924 | Dist(BC):0.2379
Iter 95 | Loss A:0.2047 B:0.1983 C:0.2600 | ε:0.2968 | Dist(BC):0.2366
Iter 100 | Loss A:0.2072 B:0.1983 C:0.2596 | ε:0.2916 | Dist(BC):0.2361

--- 実行 19 / 1000 ---
--- プレラン（事前学習）を開始: 15 イテレーション ---
プレラン完了。計算された固定クリッピング閾値 C = 0.106014

=== 実験開始 (A:DP, B:Baseline, C:CKKS) ===
Iter 01 | Loss A:0.2371 B:0.2445 C:0.2756 | ε:0.2526 | Dist(BC):0.0606
Iter 05 | Loss A:0.2203 B:0.2072 C:0.2742 | ε:0.2326 | Dist(BC):0.1759
Iter 10 | Loss A:0.2267 B:0.2003 C:0.2705 | ε:0.2673 | Dist(BC):0.2186
Iter 15 | Loss A:0.2169 B:0.1990 C:0.2711 | ε:0.2837 | Dist(BC):0.2387
Iter 20 | Loss A:0.2208 B:0.1986 C:0.2704 | ε:0.2702 | Dist(BC):0.2466
Iter 25 | Loss A:0.2167 B:0.1984 C:0.2682 | ε:0.3096 | Dist(BC):0.2473
Iter 30 | Loss A:0.2166 B:0.1984 C:0.2704 | ε:0.3040 | Dist(BC):0.2552
Iter 35 | Loss A:0.2081 B:0.1983 C:0.2677 | ε:0.2819 | Dist(BC):0.2524
Iter 40 | Loss A:0.2189 B:0.1983 C:0.2671 | ε:0.3070 | Dist(BC):0.2533
Iter 45 | Loss A:0.2121 B:0.1983 C:0.2682 | ε:0.3100 | Dist(BC):0.2556
Iter 50 | Loss A:0.2081 B:0.1983 C:0.2677 | ε:0.2858 | Dist(BC):0.2552
Iter 55 | Loss A:0.2105 B:0.1983 C:0.2658 | ε:0.3010 | Dist(BC):0.2518
Iter 60 | Loss A:0.2088 B:0.1983 C:0.2648 | ε:0.3187 | Dist(BC):0.2504
Iter 65 | Loss A:0.2101 B:0.1983 C:0.2643 | ε:0.2820 | Dist(BC):0.2503
Iter 70 | Loss A:0.2088 B:0.1983 C:0.2643 | ε:0.2552 | Dist(BC):0.2501
Iter 75 | Loss A:0.2051 B:0.1983 C:0.2643 | ε:0.2754 | Dist(BC):0.2503
Iter 80 | Loss A:0.2034 B:0.1983 C:0.2626 | ε:0.2961 | Dist(BC):0.2482
Iter 85 | Loss A:0.2021 B:0.1983 C:0.2628 | ε:0.2581 | Dist(BC):0.2487
Iter 90 | Loss A:0.2031 B:0.1983 C:0.2624 | ε:0.2567 | Dist(BC):0.2475
Iter 95 | Loss A:0.2029 B:0.1983 C:0.2623 | ε:0.2688 | Dist(BC):0.2476
Iter 100 | Loss A:0.2059 B:0.1983 C:0.2614 | ε:0.2827 | Dist(BC):0.2456

--- 実行 20 / 1000 ---
--- プレラン（事前学習）を開始: 15 イテレーション ---
プレラン完了。計算された固定クリッピング閾値 C = 0.106014

=== 実験開始 (A:DP, B:Baseline, C:CKKS) ===
Iter 01 | Loss A:0.2607 B:0.2445 C:0.2739 | ε:0.1894 | Dist(BC):0.0577
Iter 05 | Loss A:0.2175 B:0.2072 C:0.2701 | ε:0.2404 | Dist(BC):0.1684
Iter 10 | Loss A:0.2110 B:0.2003 C:0.2669 | ε:0.2691 | Dist(BC):0.2125
Iter 15 | Loss A:0.2080 B:0.1990 C:0.2652 | ε:0.3177 | Dist(BC):0.2278
Iter 20 | Loss A:0.2052 B:0.1986 C:0.2624 | ε:0.2871 | Dist(BC):0.2316
Iter 25 | Loss A:0.2188 B:0.1984 C:0.2634 | ε:0.2852 | Dist(BC):0.2383
Iter 30 | Loss A:0.2050 B:0.1984 C:0.2631 | ε:0.3067 | Dist(BC):0.2396
Iter 35 | Loss A:0.2057 B:0.1983 C:0.2618 | ε:0.2807 | Dist(BC):0.2380
Iter 40 | Loss A:0.2059 B:0.1983 C:0.2614 | ε:0.2695 | Dist(BC):0.2388
Iter 45 | Loss A:0.2056 B:0.1983 C:0.2613 | ε:0.2694 | Dist(BC):0.2387
Iter 50 | Loss A:0.2034 B:0.1983 C:0.2623 | ε:0.2779 | Dist(BC):0.2411
Iter 55 | Loss A:0.2037 B:0.1983 C:0.2613 | ε:0.2873 | Dist(BC):0.2402
Iter 60 | Loss A:0.2046 B:0.1983 C:0.2602 | ε:0.2773 | Dist(BC):0.2388
Iter 65 | Loss A:0.2030 B:0.1983 C:0.2602 | ε:0.2844 | Dist(BC):0.2391
Iter 70 | Loss A:0.2055 B:0.1983 C:0.2617 | ε:0.2999 | Dist(BC):0.2417
Iter 75 | Loss A:0.2040 B:0.1983 C:0.2619 | ε:0.2883 | Dist(BC):0.2423
Iter 80 | Loss A:0.2044 B:0.1983 C:0.2624 | ε:0.2503 | Dist(BC):0.2431
Iter 85 | Loss A:0.2046 B:0.1983 C:0.2607 | ε:0.2559 | Dist(BC):0.2407
Iter 90 | Loss A:0.2048 B:0.1983 C:0.2605 | ε:0.2979 | Dist(BC):0.2404
Iter 95 | Loss A:0.2080 B:0.1983 C:0.2601 | ε:0.3038 | Dist(BC):0.2398
Iter 100 | Loss A:0.2038 B:0.1983 C:0.2598 | ε:0.3091 | Dist(BC):0.2390

--- 実行 21 / 1000 ---
--- プレラン（事前学習）を開始: 15 イテレーション ---
プレラン完了。計算された固定クリッピング閾値 C = 0.106014

=== 実験開始 (A:DP, B:Baseline, C:CKKS) ===
Iter 01 | Loss A:0.2595 B:0.2445 C:0.2768 | ε:0.2515 | Dist(BC):0.0625
Iter 05 | Loss A:0.2199 B:0.2072 C:0.2719 | ε:0.2885 | Dist(BC):0.1718
Iter 10 | Loss A:0.2145 B:0.2003 C:0.2681 | ε:0.2677 | Dist(BC):0.2161
Iter 15 | Loss A:0.2030 B:0.1990 C:0.2645 | ε:0.2600 | Dist(BC):0.2290
Iter 20 | Loss A:0.2088 B:0.1986 C:0.2660 | ε:0.2737 | Dist(BC):0.2408
Iter 25 | Loss A:0.2064 B:0.1984 C:0.2669 | ε:0.2786 | Dist(BC):0.2466
Iter 30 | Loss A:0.2065 B:0.1984 C:0.2656 | ε:0.2842 | Dist(BC):0.2471
Iter 35 | Loss A:0.2124 B:0.1983 C:0.2639 | ε:0.2914 | Dist(BC):0.2452
Iter 40 | Loss A:0.2179 B:0.1983 C:0.2616 | ε:0.2777 | Dist(BC):0.2430
Iter 45 | Loss A:0.2137 B:0.1983 C:0.2591 | ε:0.2792 | Dist(BC):0.2387
Iter 50 | Loss A:0.2108 B:0.1983 C:0.2594 | ε:0.2840 | Dist(BC):0.2405
Iter 55 | Loss A:0.2145 B:0.1983 C:0.2569 | ε:0.2898 | Dist(BC):0.2355
Iter 60 | Loss A:0.2103 B:0.1983 C:0.2542 | ε:0.3001 | Dist(BC):0.2305
Iter 65 | Loss A:0.2072 B:0.1983 C:0.2540 | ε:0.2684 | Dist(BC):0.2309
Iter 70 | Loss A:0.2098 B:0.1983 C:0.2533 | ε:0.2581 | Dist(BC):0.2304
Iter 75 | Loss A:0.2077 B:0.1983 C:0.2527 | ε:0.2674 | Dist(BC):0.2297
Iter 80 | Loss A:0.2072 B:0.1983 C:0.2518 | ε:0.2794 | Dist(BC):0.2285
Iter 85 | Loss A:0.2045 B:0.1983 C:0.2526 | ε:0.2971 | Dist(BC):0.2301
Iter 90 | Loss A:0.2045 B:0.1983 C:0.2519 | ε:0.2983 | Dist(BC):0.2285
Iter 95 | Loss A:0.2045 B:0.1983 C:0.2517 | ε:0.2907 | Dist(BC):0.2279
Iter 100 | Loss A:0.2043 B:0.1983 C:0.2508 | ε:0.3048 | Dist(BC):0.2270

--- 実行 22 / 1000 ---
--- プレラン（事前学習）を開始: 15 イテレーション ---
プレラン完了。計算された固定クリッピング閾値 C = 0.106014

=== 実験開始 (A:DP, B:Baseline, C:CKKS) ===
Iter 01 | Loss A:0.2538 B:0.2445 C:0.2717 | ε:0.4009 | Dist(BC):0.0538
Iter 05 | Loss A:0.2088 B:0.2072 C:0.2708 | ε:0.2856 | Dist(BC):0.1688
Iter 10 | Loss A:0.2194 B:0.2003 C:0.2698 | ε:0.2875 | Dist(BC):0.2179
Iter 15 | Loss A:0.2163 B:0.1990 C:0.2655 | ε:0.2863 | Dist(BC):0.2304
Iter 20 | Loss A:0.2260 B:0.1986 C:0.2660 | ε:0.2948 | Dist(BC):0.2406
Iter 25 | Loss A:0.2218 B:0.1984 C:0.2668 | ε:0.3083 | Dist(BC):0.2462
Iter 30 | Loss A:0.2192 B:0.1984 C:0.2641 | ε:0.3004 | Dist(BC):0.2444
Iter 35 | Loss A:0.2214 B:0.1983 C:0.2652 | ε:0.2970 | Dist(BC):0.2489
Iter 40 | Loss A:0.2154 B:0.1983 C:0.2638 | ε:0.2686 | Dist(BC):0.2470
Iter 45 | Loss A:0.2186 B:0.1983 C:0.2639 | ε:0.2849 | Dist(BC):0.2483
Iter 50 | Loss A:0.2186 B:0.1983 C:0.2652 | ε:0.3207 | Dist(BC):0.2510
Iter 55 | Loss A:0.2143 B:0.1983 C:0.2639 | ε:0.2767 | Dist(BC):0.2499
Iter 60 | Loss A:0.2117 B:0.1983 C:0.2656 | ε:0.2837 | Dist(BC):0.2533
Iter 65 | Loss A:0.2094 B:0.1983 C:0.2657 | ε:0.2975 | Dist(BC):0.2532
Iter 70 | Loss A:0.2080 B:0.1983 C:0.2660 | ε:0.2841 | Dist(BC):0.2533
Iter 75 | Loss A:0.2075 B:0.1983 C:0.2658 | ε:0.2838 | Dist(BC):0.2532
Iter 80 | Loss A:0.2030 B:0.1983 C:0.2644 | ε:0.2873 | Dist(BC):0.2511
Iter 85 | Loss A:0.2016 B:0.1983 C:0.2642 | ε:0.2936 | Dist(BC):0.2508
Iter 90 | Loss A:0.2017 B:0.1983 C:0.2638 | ε:0.2695 | Dist(BC):0.2500
Iter 95 | Loss A:0.2012 B:0.1983 C:0.2619 | ε:0.2762 | Dist(BC):0.2470
Iter 100 | Loss A:0.2018 B:0.1983 C:0.2617 | ε:0.2745 | Dist(BC):0.2474

--- 実行 23 / 1000 ---
--- プレラン（事前学習）を開始: 15 イテレーション ---
プレラン完了。計算された固定クリッピング閾値 C = 0.106014

=== 実験開始 (A:DP, B:Baseline, C:CKKS) ===
Iter 01 | Loss A:0.2299 B:0.2445 C:0.2726 | ε:0.4771 | Dist(BC):0.0554
Iter 05 | Loss A:0.2107 B:0.2072 C:0.2674 | ε:0.3424 | Dist(BC):0.1641
Iter 10 | Loss A:0.2317 B:0.2003 C:0.2661 | ε:0.3215 | Dist(BC):0.2107
Iter 15 | Loss A:0.2376 B:0.1990 C:0.2644 | ε:0.2864 | Dist(BC):0.2258
Iter 20 | Loss A:0.2217 B:0.1986 C:0.2613 | ε:0.2834 | Dist(BC):0.2287
Iter 25 | Loss A:0.2213 B:0.1984 C:0.2612 | ε:0.3057 | Dist(BC):0.2323
Iter 30 | Loss A:0.2102 B:0.1984 C:0.2581 | ε:0.3256 | Dist(BC):0.2305
Iter 35 | Loss A:0.2080 B:0.1983 C:0.2574 | ε:0.3135 | Dist(BC):0.2314
Iter 40 | Loss A:0.2017 B:0.1983 C:0.2552 | ε:0.3301 | Dist(BC):0.2287
Iter 45 | Loss A:0.2006 B:0.1983 C:0.2554 | ε:0.3314 | Dist(BC):0.2285
Iter 50 | Loss A:0.2010 B:0.1983 C:0.2542 | ε:0.3218 | Dist(BC):0.2272
Iter 55 | Loss A:0.2017 B:0.1983 C:0.2536 | ε:0.3343 | Dist(BC):0.2267
Iter 60 | Loss A:0.2017 B:0.1983 C:0.2527 | ε:0.3005 | Dist(BC):0.2255
Iter 65 | Loss A:0.2033 B:0.1983 C:0.2524 | ε:0.2841 | Dist(BC):0.2253
Iter 70 | Loss A:0.2033 B:0.1983 C:0.2523 | ε:0.2912 | Dist(BC):0.2257
Iter 75 | Loss A:0.2030 B:0.1983 C:0.2524 | ε:0.3047 | Dist(BC):0.2264
Iter 80 | Loss A:0.2047 B:0.1983 C:0.2527 | ε:0.2582 | Dist(BC):0.2273
Iter 85 | Loss A:0.2071 B:0.1983 C:0.2513 | ε:0.2404 | Dist(BC):0.2242
Iter 90 | Loss A:0.2087 B:0.1983 C:0.2505 | ε:0.2930 | Dist(BC):0.2228
Iter 95 | Loss A:0.2063 B:0.1983 C:0.2487 | ε:0.3141 | Dist(BC):0.2190
Iter 100 | Loss A:0.2035 B:0.1983 C:0.2487 | ε:0.3075 | Dist(BC):0.2186

--- 実行 24 / 1000 ---
--- プレラン（事前学習）を開始: 15 イテレーション ---
プレラン完了。計算された固定クリッピング閾値 C = 0.106014

=== 実験開始 (A:DP, B:Baseline, C:CKKS) ===
Iter 01 | Loss A:0.2665 B:0.2445 C:0.2710 | ε:0.3758 | Dist(BC):0.0524
Iter 05 | Loss A:0.2303 B:0.2072 C:0.2738 | ε:0.3335 | Dist(BC):0.1745
Iter 10 | Loss A:0.2287 B:0.2003 C:0.2718 | ε:0.2870 | Dist(BC):0.2203
Iter 15 | Loss A:0.2203 B:0.1990 C:0.2735 | ε:0.2506 | Dist(BC):0.2423
Iter 20 | Loss A:0.2139 B:0.1986 C:0.2711 | ε:0.2623 | Dist(BC):0.2471
Iter 25 | Loss A:0.2069 B:0.1984 C:0.2724 | ε:0.3207 | Dist(BC):0.2541
Iter 30 | Loss A:0.2063 B:0.1984 C:0.2708 | ε:0.3907 | Dist(BC):0.2541
Iter 35 | Loss A:0.2083 B:0.1983 C:0.2691 | ε:0.3520 | Dist(BC):0.2531
Iter 40 | Loss A:0.2089 B:0.1983 C:0.2669 | ε:0.3039 | Dist(BC):0.2507
Iter 45 | Loss A:0.2112 B:0.1983 C:0.2673 | ε:0.3140 | Dist(BC):0.2519
Iter 50 | Loss A:0.2118 B:0.1983 C:0.2684 | ε:0.3154 | Dist(BC):0.2545
Iter 55 | Loss A:0.2095 B:0.1983 C:0.2688 | ε:0.3068 | Dist(BC):0.2562
Iter 60 | Loss A:0.2122 B:0.1983 C:0.2682 | ε:0.3332 | Dist(BC):0.2559
Iter 65 | Loss A:0.2084 B:0.1983 C:0.2668 | ε:0.3216 | Dist(BC):0.2536
Iter 70 | Loss A:0.2083 B:0.1983 C:0.2650 | ε:0.2592 | Dist(BC):0.2503
Iter 75 | Loss A:0.2074 B:0.1983 C:0.2645 | ε:0.2655 | Dist(BC):0.2493
Iter 80 | Loss A:0.2066 B:0.1983 C:0.2652 | ε:0.3499 | Dist(BC):0.2503
Iter 85 | Loss A:0.2070 B:0.1983 C:0.2650 | ε:0.3058 | Dist(BC):0.2504
Iter 90 | Loss A:0.2068 B:0.1983 C:0.2645 | ε:0.2587 | Dist(BC):0.2499
Iter 95 | Loss A:0.2042 B:0.1983 C:0.2640 | ε:0.2822 | Dist(BC):0.2492
Iter 100 | Loss A:0.2018 B:0.1983 C:0.2642 | ε:0.2795 | Dist(BC):0.2502

--- 実行 25 / 1000 ---
--- プレラン（事前学習）を開始: 15 イテレーション ---
プレラン完了。計算された固定クリッピング閾値 C = 0.106014

=== 実験開始 (A:DP, B:Baseline, C:CKKS) ===
Iter 01 | Loss A:0.2403 B:0.2445 C:0.2745 | ε:0.2472 | Dist(BC):0.0587
Iter 05 | Loss A:0.2361 B:0.2072 C:0.2717 | ε:0.2780 | Dist(BC):0.1713
Iter 10 | Loss A:0.2320 B:0.2003 C:0.2723 | ε:0.2687 | Dist(BC):0.2235
Iter 15 | Loss A:0.2082 B:0.1990 C:0.2727 | ε:0.2778 | Dist(BC):0.2434
Iter 20 | Loss A:0.2156 B:0.1986 C:0.2740 | ε:0.2821 | Dist(BC):0.2550
Iter 25 | Loss A:0.2079 B:0.1984 C:0.2698 | ε:0.2902 | Dist(BC):0.2538
Iter 30 | Loss A:0.2093 B:0.1984 C:0.2701 | ε:0.3089 | Dist(BC):0.2577
Iter 35 | Loss A:0.2051 B:0.1983 C:0.2710 | ε:0.2865 | Dist(BC):0.2606
Iter 40 | Loss A:0.2067 B:0.1983 C:0.2719 | ε:0.2762 | Dist(BC):0.2637
Iter 45 | Loss A:0.2159 B:0.1983 C:0.2712 | ε:0.2792 | Dist(BC):0.2640
Iter 50 | Loss A:0.2150 B:0.1983 C:0.2692 | ε:0.2984 | Dist(BC):0.2601
Iter 55 | Loss A:0.2135 B:0.1983 C:0.2673 | ε:0.3388 | Dist(BC):0.2571
Iter 60 | Loss A:0.2111 B:0.1983 C:0.2674 | ε:0.3022 | Dist(BC):0.2580
Iter 65 | Loss A:0.2112 B:0.1983 C:0.2665 | ε:0.2711 | Dist(BC):0.2562
Iter 70 | Loss A:0.2102 B:0.1983 C:0.2655 | ε:0.2779 | Dist(BC):0.2547
Iter 75 | Loss A:0.2106 B:0.1983 C:0.2649 | ε:0.2646 | Dist(BC):0.2537
Iter 80 | Loss A:0.2075 B:0.1983 C:0.2648 | ε:0.2608 | Dist(BC):0.2536
Iter 85 | Loss A:0.2077 B:0.1983 C:0.2627 | ε:0.2774 | Dist(BC):0.2504
Iter 90 | Loss A:0.2054 B:0.1983 C:0.2624 | ε:0.2759 | Dist(BC):0.2496
Iter 95 | Loss A:0.2046 B:0.1983 C:0.2629 | ε:0.2724 | Dist(BC):0.2509
Iter 100 | Loss A:0.2050 B:0.1983 C:0.2628 | ε:0.3017 | Dist(BC):0.2504

--- 実行 26 / 1000 ---
--- プレラン（事前学習）を開始: 15 イテレーション ---
プレラン完了。計算された固定クリッピング閾値 C = 0.106014

=== 実験開始 (A:DP, B:Baseline, C:CKKS) ===
Iter 01 | Loss A:0.3179 B:0.2445 C:0.2757 | ε:0.4435 | Dist(BC):0.0608
Iter 05 | Loss A:0.2401 B:0.2072 C:0.2693 | ε:0.3373 | Dist(BC):0.1672
Iter 10 | Loss A:0.2177 B:0.2003 C:0.2692 | ε:0.3075 | Dist(BC):0.2179
Iter 15 | Loss A:0.2243 B:0.1990 C:0.2696 | ε:0.2888 | Dist(BC):0.2372
Iter 20 | Loss A:0.2105 B:0.1986 C:0.2651 | ε:0.2829 | Dist(BC):0.2378
Iter 25 | Loss A:0.2117 B:0.1984 C:0.2630 | ε:0.2751 | Dist(BC):0.2398
Iter 30 | Loss A:0.2089 B:0.1984 C:0.2619 | ε:0.2887 | Dist(BC):0.2409
Iter 35 | Loss A:0.2030 B:0.1983 C:0.2637 | ε:0.2756 | Dist(BC):0.2463
Iter 40 | Loss A:0.2053 B:0.1983 C:0.2614 | ε:0.2677 | Dist(BC):0.2445
Iter 45 | Loss A:0.2056 B:0.1983 C:0.2597 | ε:0.2850 | Dist(BC):0.2426
Iter 50 | Loss A:0.2023 B:0.1983 C:0.2576 | ε:0.2749 | Dist(BC):0.2401
Iter 55 | Loss A:0.2028 B:0.1983 C:0.2568 | ε:0.2661 | Dist(BC):0.2393
Iter 60 | Loss A:0.2020 B:0.1983 C:0.2566 | ε:0.2774 | Dist(BC):0.2394
Iter 65 | Loss A:0.2046 B:0.1983 C:0.2564 | ε:0.2622 | Dist(BC):0.2396
Iter 70 | Loss A:0.2043 B:0.1983 C:0.2550 | ε:0.2544 | Dist(BC):0.2376
Iter 75 | Loss A:0.2024 B:0.1983 C:0.2573 | ε:0.2866 | Dist(BC):0.2414
Iter 80 | Loss A:0.2019 B:0.1983 C:0.2568 | ε:0.2885 | Dist(BC):0.2409
Iter 85 | Loss A:0.2011 B:0.1983 C:0.2583 | ε:0.2765 | Dist(BC):0.2440
Iter 90 | Loss A:0.1997 B:0.1983 C:0.2579 | ε:0.2937 | Dist(BC):0.2437
Iter 95 | Loss A:0.2002 B:0.1983 C:0.2579 | ε:0.2769 | Dist(BC):0.2442
Iter 100 | Loss A:0.2008 B:0.1983 C:0.2580 | ε:0.2677 | Dist(BC):0.2449

--- 実行 27 / 1000 ---
--- プレラン（事前学習）を開始: 15 イテレーション ---
プレラン完了。計算された固定クリッピング閾値 C = 0.106014

=== 実験開始 (A:DP, B:Baseline, C:CKKS) ===
Iter 01 | Loss A:0.2742 B:0.2445 C:0.2739 | ε:0.2571 | Dist(BC):0.0577
Iter 05 | Loss A:0.2314 B:0.2072 C:0.2692 | ε:0.3075 | Dist(BC):0.1665
Iter 10 | Loss A:0.2384 B:0.2003 C:0.2674 | ε:0.2701 | Dist(BC):0.2124
Iter 15 | Loss A:0.2180 B:0.1990 C:0.2721 | ε:0.2515 | Dist(BC):0.2401
Iter 20 | Loss A:0.2187 B:0.1986 C:0.2724 | ε:0.2639 | Dist(BC):0.2486
Iter 25 | Loss A:0.2218 B:0.1984 C:0.2723 | ε:0.2588 | Dist(BC):0.2536
Iter 30 | Loss A:0.2131 B:0.1984 C:0.2717 | ε:0.2693 | Dist(BC):0.2554
Iter 35 | Loss A:0.2137 B:0.1983 C:0.2723 | ε:0.2793 | Dist(BC):0.2576
Iter 40 | Loss A:0.2085 B:0.1983 C:0.2738 | ε:0.2800 | Dist(BC):0.2616
Iter 45 | Loss A:0.2058 B:0.1983 C:0.2720 | ε:0.3189 | Dist(BC):0.2595
Iter 50 | Loss A:0.2083 B:0.1983 C:0.2700 | ε:0.2791 | Dist(BC):0.2574
Iter 55 | Loss A:0.2059 B:0.1983 C:0.2690 | ε:0.2766 | Dist(BC):0.2567
Iter 60 | Loss A:0.2048 B:0.1983 C:0.2674 | ε:0.3120 | Dist(BC):0.2538
Iter 65 | Loss A:0.2042 B:0.1983 C:0.2646 | ε:0.2956 | Dist(BC):0.2490
Iter 70 | Loss A:0.2089 B:0.1983 C:0.2659 | ε:0.3057 | Dist(BC):0.2516
Iter 75 | Loss A:0.2063 B:0.1983 C:0.2637 | ε:0.2840 | Dist(BC):0.2477
Iter 80 | Loss A:0.2077 B:0.1983 C:0.2616 | ε:0.2805 | Dist(BC):0.2441
Iter 85 | Loss A:0.2063 B:0.1983 C:0.2618 | ε:0.2961 | Dist(BC):0.2440
Iter 90 | Loss A:0.2091 B:0.1983 C:0.2621 | ε:0.2852 | Dist(BC):0.2445
Iter 95 | Loss A:0.2149 B:0.1983 C:0.2611 | ε:0.2895 | Dist(BC):0.2430
Iter 100 | Loss A:0.2111 B:0.1983 C:0.2603 | ε:0.3004 | Dist(BC):0.2418

--- 実行 28 / 1000 ---
--- プレラン（事前学習）を開始: 15 イテレーション ---
プレラン完了。計算された固定クリッピング閾値 C = 0.106014

=== 実験開始 (A:DP, B:Baseline, C:CKKS) ===
Iter 01 | Loss A:0.2773 B:0.2445 C:0.2729 | ε:0.4396 | Dist(BC):0.0559
Iter 05 | Loss A:0.2221 B:0.2072 C:0.2749 | ε:0.3184 | Dist(BC):0.1772
Iter 10 | Loss A:0.2469 B:0.2003 C:0.2727 | ε:0.3234 | Dist(BC):0.2226
Iter 15 | Loss A:0.2291 B:0.1990 C:0.2714 | ε:0.3299 | Dist(BC):0.2383
Iter 20 | Loss A:0.2189 B:0.1986 C:0.2704 | ε:0.3381 | Dist(BC):0.2446
Iter 25 | Loss A:0.2088 B:0.1984 C:0.2707 | ε:0.3082 | Dist(BC):0.2494
Iter 30 | Loss A:0.2156 B:0.1984 C:0.2723 | ε:0.2817 | Dist(BC):0.2543
Iter 35 | Loss A:0.2174 B:0.1983 C:0.2696 | ε:0.3156 | Dist(BC):0.2515
Iter 40 | Loss A:0.2202 B:0.1983 C:0.2696 | ε:0.3436 | Dist(BC):0.2530
Iter 45 | Loss A:0.2189 B:0.1983 C:0.2708 | ε:0.3269 | Dist(BC):0.2564
Iter 50 | Loss A:0.2169 B:0.1983 C:0.2709 | ε:0.3212 | Dist(BC):0.2565
Iter 55 | Loss A:0.2128 B:0.1983 C:0.2702 | ε:0.3167 | Dist(BC):0.2547
Iter 60 | Loss A:0.2094 B:0.1983 C:0.2705 | ε:0.3063 | Dist(BC):0.2556
Iter 65 | Loss A:0.2070 B:0.1983 C:0.2701 | ε:0.2911 | Dist(BC):0.2548
Iter 70 | Loss A:0.2049 B:0.1983 C:0.2692 | ε:0.2787 | Dist(BC):0.2529
Iter 75 | Loss A:0.2038 B:0.1983 C:0.2672 | ε:0.2954 | Dist(BC):0.2500
Iter 80 | Loss A:0.2037 B:0.1983 C:0.2686 | ε:0.3051 | Dist(BC):0.2531
Iter 85 | Loss A:0.2018 B:0.1983 C:0.2678 | ε:0.3266 | Dist(BC):0.2519
Iter 90 | Loss A:0.2003 B:0.1983 C:0.2668 | ε:0.3356 | Dist(BC):0.2508
Iter 95 | Loss A:0.1994 B:0.1983 C:0.2655 | ε:0.2903 | Dist(BC):0.2484
Iter 100 | Loss A:0.1997 B:0.1983 C:0.2658 | ε:0.2593 | Dist(BC):0.2490

--- 実行 29 / 1000 ---
--- プレラン（事前学習）を開始: 15 イテレーション ---
プレラン完了。計算された固定クリッピング閾値 C = 0.106014

=== 実験開始 (A:DP, B:Baseline, C:CKKS) ===
Iter 01 | Loss A:0.2513 B:0.2445 C:0.2781 | ε:0.3170 | Dist(BC):0.0646
Iter 05 | Loss A:0.2562 B:0.2072 C:0.2732 | ε:0.2813 | Dist(BC):0.1733
Iter 10 | Loss A:0.2142 B:0.2003 C:0.2731 | ε:0.3117 | Dist(BC):0.2222
Iter 15 | Loss A:0.2134 B:0.1990 C:0.2693 | ε:0.3139 | Dist(BC):0.2363
Iter 20 | Loss A:0.2185 B:0.1986 C:0.2678 | ε:0.2887 | Dist(BC):0.2418
Iter 25 | Loss A:0.2123 B:0.1984 C:0.2646 | ε:0.3004 | Dist(BC):0.2409
Iter 30 | Loss A:0.2047 B:0.1984 C:0.2623 | ε:0.3058 | Dist(BC):0.2400
Iter 35 | Loss A:0.2076 B:0.1983 C:0.2599 | ε:0.3417 | Dist(BC):0.2387
Iter 40 | Loss A:0.2156 B:0.1983 C:0.2580 | ε:0.3348 | Dist(BC):0.2362
Iter 45 | Loss A:0.2115 B:0.1983 C:0.2565 | ε:0.2900 | Dist(BC):0.2337
Iter 50 | Loss A:0.2100 B:0.1983 C:0.2565 | ε:0.3106 | Dist(BC):0.2338
Iter 55 | Loss A:0.2134 B:0.1983 C:0.2565 | ε:0.3387 | Dist(BC):0.2337
Iter 60 | Loss A:0.2127 B:0.1983 C:0.2554 | ε:0.3303 | Dist(BC):0.2316
Iter 65 | Loss A:0.2146 B:0.1983 C:0.2546 | ε:0.2845 | Dist(BC):0.2304
Iter 70 | Loss A:0.2124 B:0.1983 C:0.2533 | ε:0.2797 | Dist(BC):0.2280
Iter 75 | Loss A:0.2107 B:0.1983 C:0.2532 | ε:0.3035 | Dist(BC):0.2275
Iter 80 | Loss A:0.2052 B:0.1983 C:0.2526 | ε:0.3281 | Dist(BC):0.2265
Iter 85 | Loss A:0.2051 B:0.1983 C:0.2527 | ε:0.3244 | Dist(BC):0.2264
Iter 90 | Loss A:0.2057 B:0.1983 C:0.2515 | ε:0.2916 | Dist(BC):0.2246
Iter 95 | Loss A:0.2076 B:0.1983 C:0.2510 | ε:0.3137 | Dist(BC):0.2234
Iter 100 | Loss A:0.2065 B:0.1983 C:0.2519 | ε:0.3110 | Dist(BC):0.2254

--- 実行 30 / 1000 ---
--- プレラン（事前学習）を開始: 15 イテレーション ---
プレラン完了。計算された固定クリッピング閾値 C = 0.106014

=== 実験開始 (A:DP, B:Baseline, C:CKKS) ===
Iter 01 | Loss A:0.2757 B:0.2445 C:0.2765 | ε:0.1885 | Dist(BC):0.0621
Iter 05 | Loss A:0.2118 B:0.2072 C:0.2741 | ε:0.2248 | Dist(BC):0.1747
Iter 10 | Loss A:0.2199 B:0.2003 C:0.2722 | ε:0.2540 | Dist(BC):0.2209
Iter 15 | Loss A:0.2093 B:0.1990 C:0.2749 | ε:0.2921 | Dist(BC):0.2438
Iter 20 | Loss A:0.2082 B:0.1986 C:0.2752 | ε:0.3146 | Dist(BC):0.2534
Iter 25 | Loss A:0.2080 B:0.1984 C:0.2725 | ε:0.3249 | Dist(BC):0.2548
Iter 30 | Loss A:0.2103 B:0.1984 C:0.2722 | ε:0.3216 | Dist(BC):0.2574
Iter 35 | Loss A:0.2090 B:0.1983 C:0.2723 | ε:0.2997 | Dist(BC):0.2593
Iter 40 | Loss A:0.2042 B:0.1983 C:0.2708 | ε:0.2784 | Dist(BC):0.2590
Iter 45 | Loss A:0.2023 B:0.1983 C:0.2710 | ε:0.3031 | Dist(BC):0.2610
Iter 50 | Loss A:0.2036 B:0.1983 C:0.2703 | ε:0.2899 | Dist(BC):0.2596
Iter 55 | Loss A:0.2108 B:0.1983 C:0.2708 | ε:0.3137 | Dist(BC):0.2605
Iter 60 | Loss A:0.2086 B:0.1983 C:0.2693 | ε:0.3148 | Dist(BC):0.2585
Iter 65 | Loss A:0.2114 B:0.1983 C:0.2685 | ε:0.2586 | Dist(BC):0.2579
Iter 70 | Loss A:0.2093 B:0.1983 C:0.2680 | ε:0.2707 | Dist(BC):0.2579
Iter 75 | Loss A:0.2101 B:0.1983 C:0.2676 | ε:0.3006 | Dist(BC):0.2578
Iter 80 | Loss A:0.2107 B:0.1983 C:0.2666 | ε:0.2703 | Dist(BC):0.2562
Iter 85 | Loss A:0.2092 B:0.1983 C:0.2663 | ε:0.2878 | Dist(BC):0.2558
Iter 90 | Loss A:0.2093 B:0.1983 C:0.2651 | ε:0.3267 | Dist(BC):0.2537
Iter 95 | Loss A:0.2064 B:0.1983 C:0.2642 | ε:0.2748 | Dist(BC):0.2516
Iter 100 | Loss A:0.2066 B:0.1983 C:0.2638 | ε:0.2741 | Dist(BC):0.2503

--- 実行 31 / 1000 ---
--- プレラン（事前学習）を開始: 15 イテレーション ---
プレラン完了。計算された固定クリッピング閾値 C = 0.106014

=== 実験開始 (A:DP, B:Baseline, C:CKKS) ===
Iter 01 | Loss A:0.2310 B:0.2445 C:0.2735 | ε:0.3257 | Dist(BC):0.0571
Iter 05 | Loss A:0.2137 B:0.2072 C:0.2779 | ε:0.3372 | Dist(BC):0.1816
Iter 10 | Loss A:0.2068 B:0.2003 C:0.2748 | ε:0.3194 | Dist(BC):0.2255
Iter 15 | Loss A:0.2188 B:0.1990 C:0.2763 | ε:0.2953 | Dist(BC):0.2476
Iter 20 | Loss A:0.2119 B:0.1986 C:0.2807 | ε:0.3084 | Dist(BC):0.2650
Iter 25 | Loss A:0.2105 B:0.1984 C:0.2778 | ε:0.2869 | Dist(BC):0.2646
Iter 30 | Loss A:0.2116 B:0.1984 C:0.2773 | ε:0.2442 | Dist(BC):0.2672
Iter 35 | Loss A:0.2131 B:0.1983 C:0.2769 | ε:0.2636 | Dist(BC):0.2685
Iter 40 | Loss A:0.2144 B:0.1983 C:0.2744 | ε:0.3003 | Dist(BC):0.2672
Iter 45 | Loss A:0.2129 B:0.1983 C:0.2743 | ε:0.2895 | Dist(BC):0.2675
Iter 50 | Loss A:0.2119 B:0.1983 C:0.2732 | ε:0.2804 | Dist(BC):0.2669
Iter 55 | Loss A:0.2105 B:0.1983 C:0.2725 | ε:0.3025 | Dist(BC):0.2672
Iter 60 | Loss A:0.2050 B:0.1983 C:0.2721 | ε:0.2921 | Dist(BC):0.2674
Iter 65 | Loss A:0.2029 B:0.1983 C:0.2704 | ε:0.2573 | Dist(BC):0.2640
Iter 70 | Loss A:0.2019 B:0.1983 C:0.2694 | ε:0.2557 | Dist(BC):0.2624
Iter 75 | Loss A:0.2029 B:0.1983 C:0.2677 | ε:0.2705 | Dist(BC):0.2598
Iter 80 | Loss A:0.2056 B:0.1983 C:0.2676 | ε:0.2731 | Dist(BC):0.2595
Iter 85 | Loss A:0.2054 B:0.1983 C:0.2673 | ε:0.2760 | Dist(BC):0.2596
Iter 90 | Loss A:0.2039 B:0.1983 C:0.2653 | ε:0.3036 | Dist(BC):0.2568
Iter 95 | Loss A:0.2036 B:0.1983 C:0.2648 | ε:0.2799 | Dist(BC):0.2562
Iter 100 | Loss A:0.2028 B:0.1983 C:0.2644 | ε:0.2667 | Dist(BC):0.2553

--- 実行 32 / 1000 ---
--- プレラン（事前学習）を開始: 15 イテレーション ---
プレラン完了。計算された固定クリッピング閾値 C = 0.106014

=== 実験開始 (A:DP, B:Baseline, C:CKKS) ===
Iter 01 | Loss A:0.2546 B:0.2445 C:0.2716 | ε:0.2940 | Dist(BC):0.0536
Iter 05 | Loss A:0.2169 B:0.2072 C:0.2691 | ε:0.2698 | Dist(BC):0.1673
Iter 10 | Loss A:0.2165 B:0.2003 C:0.2677 | ε:0.2846 | Dist(BC):0.2146
Iter 15 | Loss A:0.2055 B:0.1990 C:0.2697 | ε:0.2825 | Dist(BC):0.2381
Iter 20 | Loss A:0.2130 B:0.1986 C:0.2675 | ε:0.2635 | Dist(BC):0.2424
Iter 25 | Loss A:0.2149 B:0.1984 C:0.2688 | ε:0.2751 | Dist(BC):0.2490
Iter 30 | Loss A:0.2070 B:0.1984 C:0.2701 | ε:0.2885 | Dist(BC):0.2533
Iter 35 | Loss A:0.2047 B:0.1983 C:0.2667 | ε:0.2991 | Dist(BC):0.2496
Iter 40 | Loss A:0.2015 B:0.1983 C:0.2680 | ε:0.3065 | Dist(BC):0.2525
Iter 45 | Loss A:0.2022 B:0.1983 C:0.2699 | ε:0.3143 | Dist(BC):0.2565
Iter 50 | Loss A:0.2069 B:0.1983 C:0.2700 | ε:0.3084 | Dist(BC):0.2568
Iter 55 | Loss A:0.2033 B:0.1983 C:0.2686 | ε:0.2990 | Dist(BC):0.2559
Iter 60 | Loss A:0.2043 B:0.1983 C:0.2681 | ε:0.3184 | Dist(BC):0.2551
Iter 65 | Loss A:0.2022 B:0.1983 C:0.2666 | ε:0.3145 | Dist(BC):0.2523
Iter 70 | Loss A:0.2011 B:0.1983 C:0.2659 | ε:0.2994 | Dist(BC):0.2511
Iter 75 | Loss A:0.2073 B:0.1983 C:0.2659 | ε:0.2860 | Dist(BC):0.2516
Iter 80 | Loss A:0.2076 B:0.1983 C:0.2654 | ε:0.2836 | Dist(BC):0.2507
Iter 85 | Loss A:0.2069 B:0.1983 C:0.2632 | ε:0.3171 | Dist(BC):0.2470
Iter 90 | Loss A:0.2032 B:0.1983 C:0.2623 | ε:0.3162 | Dist(BC):0.2455
Iter 95 | Loss A:0.2005 B:0.1983 C:0.2615 | ε:0.3036 | Dist(BC):0.2437
Iter 100 | Loss A:0.2006 B:0.1983 C:0.2604 | ε:0.3091 | Dist(BC):0.2418

--- 実行 33 / 1000 ---
--- プレラン（事前学習）を開始: 15 イテレーション ---
プレラン完了。計算された固定クリッピング閾値 C = 0.106014

=== 実験開始 (A:DP, B:Baseline, C:CKKS) ===
Iter 01 | Loss A:0.2642 B:0.2445 C:0.2733 | ε:0.2224 | Dist(BC):0.0567
Iter 05 | Loss A:0.2165 B:0.2072 C:0.2681 | ε:0.3037 | Dist(BC):0.1651
Iter 10 | Loss A:0.2107 B:0.2003 C:0.2652 | ε:0.3203 | Dist(BC):0.2102
Iter 15 | Loss A:0.2061 B:0.1990 C:0.2650 | ε:0.3282 | Dist(BC):0.2288
Iter 20 | Loss A:0.2105 B:0.1986 C:0.2661 | ε:0.3105 | Dist(BC):0.2407
Iter 25 | Loss A:0.2137 B:0.1984 C:0.2608 | ε:0.3064 | Dist(BC):0.2357
Iter 30 | Loss A:0.2114 B:0.1984 C:0.2589 | ε:0.3142 | Dist(BC):0.2346
Iter 35 | Loss A:0.2055 B:0.1983 C:0.2613 | ε:0.3440 | Dist(BC):0.2408
Iter 40 | Loss A:0.2043 B:0.1983 C:0.2593 | ε:0.3558 | Dist(BC):0.2386
Iter 45 | Loss A:0.2020 B:0.1983 C:0.2595 | ε:0.3370 | Dist(BC):0.2395
Iter 50 | Loss A:0.2026 B:0.1983 C:0.2586 | ε:0.3136 | Dist(BC):0.2391
Iter 55 | Loss A:0.2032 B:0.1983 C:0.2577 | ε:0.2763 | Dist(BC):0.2371
Iter 60 | Loss A:0.2038 B:0.1983 C:0.2565 | ε:0.2644 | Dist(BC):0.2350
Iter 65 | Loss A:0.2052 B:0.1983 C:0.2560 | ε:0.2808 | Dist(BC):0.2337
Iter 70 | Loss A:0.2049 B:0.1983 C:0.2548 | ε:0.2973 | Dist(BC):0.2309
Iter 75 | Loss A:0.2036 B:0.1983 C:0.2535 | ε:0.2910 | Dist(BC):0.2289
Iter 80 | Loss A:0.2041 B:0.1983 C:0.2537 | ε:0.3015 | Dist(BC):0.2293
Iter 85 | Loss A:0.2015 B:0.1983 C:0.2537 | ε:0.3115 | Dist(BC):0.2294
Iter 90 | Loss A:0.2006 B:0.1983 C:0.2523 | ε:0.3128 | Dist(BC):0.2262
Iter 95 | Loss A:0.2027 B:0.1983 C:0.2515 | ε:0.3180 | Dist(BC):0.2245
Iter 100 | Loss A:0.2025 B:0.1983 C:0.2507 | ε:0.3246 | Dist(BC):0.2233

--- 実行 34 / 1000 ---
--- プレラン（事前学習）を開始: 15 イテレーション ---
プレラン完了。計算された固定クリッピング閾値 C = 0.106014

=== 実験開始 (A:DP, B:Baseline, C:CKKS) ===
Iter 01 | Loss A:0.2390 B:0.2445 C:0.2712 | ε:0.2718 | Dist(BC):0.0528
Iter 05 | Loss A:0.2365 B:0.2072 C:0.2745 | ε:0.2485 | Dist(BC):0.1763
Iter 10 | Loss A:0.2425 B:0.2003 C:0.2702 | ε:0.2757 | Dist(BC):0.2206
Iter 15 | Loss A:0.2566 B:0.1990 C:0.2693 | ε:0.2833 | Dist(BC):0.2393
Iter 20 | Loss A:0.2420 B:0.1986 C:0.2678 | ε:0.2732 | Dist(BC):0.2453
Iter 25 | Loss A:0.2157 B:0.1984 C:0.2656 | ε:0.2831 | Dist(BC):0.2461
Iter 30 | Loss A:0.2183 B:0.1984 C:0.2658 | ε:0.3156 | Dist(BC):0.2493
Iter 35 | Loss A:0.2167 B:0.1983 C:0.2633 | ε:0.3405 | Dist(BC):0.2464
Iter 40 | Loss A:0.2101 B:0.1983 C:0.2646 | ε:0.3011 | Dist(BC):0.2505
Iter 45 | Loss A:0.2120 B:0.1983 C:0.2638 | ε:0.2825 | Dist(BC):0.2497
Iter 50 | Loss A:0.2119 B:0.1983 C:0.2615 | ε:0.2746 | Dist(BC):0.2469
Iter 55 | Loss A:0.2127 B:0.1983 C:0.2614 | ε:0.2682 | Dist(BC):0.2471
Iter 60 | Loss A:0.2122 B:0.1983 C:0.2613 | ε:0.2795 | Dist(BC):0.2471
Iter 65 | Loss A:0.2084 B:0.1983 C:0.2611 | ε:0.2950 | Dist(BC):0.2469
Iter 70 | Loss A:0.2087 B:0.1983 C:0.2604 | ε:0.3137 | Dist(BC):0.2456
Iter 75 | Loss A:0.2059 B:0.1983 C:0.2602 | ε:0.3108 | Dist(BC):0.2451
Iter 80 | Loss A:0.2072 B:0.1983 C:0.2591 | ε:0.2962 | Dist(BC):0.2430
Iter 85 | Loss A:0.2097 B:0.1983 C:0.2583 | ε:0.3156 | Dist(BC):0.2419
Iter 90 | Loss A:0.2069 B:0.1983 C:0.2583 | ε:0.3296 | Dist(BC):0.2428
Iter 95 | Loss A:0.2060 B:0.1983 C:0.2571 | ε:0.2947 | Dist(BC):0.2413
Iter 100 | Loss A:0.2064 B:0.1983 C:0.2576 | ε:0.2656 | Dist(BC):0.2428

--- 実行 35 / 1000 ---
--- プレラン（事前学習）を開始: 15 イテレーション ---
プレラン完了。計算された固定クリッピング閾値 C = 0.106014

=== 実験開始 (A:DP, B:Baseline, C:CKKS) ===
Iter 01 | Loss A:0.2549 B:0.2445 C:0.2711 | ε:0.4321 | Dist(BC):0.0525
Iter 05 | Loss A:0.2333 B:0.2072 C:0.2717 | ε:0.2984 | Dist(BC):0.1715
Iter 10 | Loss A:0.2246 B:0.2003 C:0.2736 | ε:0.2993 | Dist(BC):0.2253
Iter 15 | Loss A:0.2290 B:0.1990 C:0.2715 | ε:0.2816 | Dist(BC):0.2410
Iter 20 | Loss A:0.2159 B:0.1986 C:0.2701 | ε:0.2706 | Dist(BC):0.2476
Iter 25 | Loss A:0.2181 B:0.1984 C:0.2716 | ε:0.2658 | Dist(BC):0.2574
Iter 30 | Loss A:0.2259 B:0.1984 C:0.2697 | ε:0.2713 | Dist(BC):0.2571
Iter 35 | Loss A:0.2145 B:0.1983 C:0.2719 | ε:0.3251 | Dist(BC):0.2619
Iter 40 | Loss A:0.2083 B:0.1983 C:0.2678 | ε:0.3394 | Dist(BC):0.2556
Iter 45 | Loss A:0.2073 B:0.1983 C:0.2693 | ε:0.2781 | Dist(BC):0.2583
Iter 50 | Loss A:0.2041 B:0.1983 C:0.2669 | ε:0.2599 | Dist(BC):0.2553
Iter 55 | Loss A:0.2072 B:0.1983 C:0.2640 | ε:0.2514 | Dist(BC):0.2513
Iter 60 | Loss A:0.2058 B:0.1983 C:0.2646 | ε:0.2529 | Dist(BC):0.2538
Iter 65 | Loss A:0.2067 B:0.1983 C:0.2647 | ε:0.2874 | Dist(BC):0.2543
Iter 70 | Loss A:0.2080 B:0.1983 C:0.2639 | ε:0.2914 | Dist(BC):0.2527
Iter 75 | Loss A:0.2048 B:0.1983 C:0.2637 | ε:0.2693 | Dist(BC):0.2526
Iter 80 | Loss A:0.2041 B:0.1983 C:0.2626 | ε:0.2896 | Dist(BC):0.2505
Iter 85 | Loss A:0.2035 B:0.1983 C:0.2621 | ε:0.3150 | Dist(BC):0.2499
Iter 90 | Loss A:0.2021 B:0.1983 C:0.2621 | ε:0.2959 | Dist(BC):0.2500
Iter 95 | Loss A:0.2012 B:0.1983 C:0.2615 | ε:0.2761 | Dist(BC):0.2491
Iter 100 | Loss A:0.1999 B:0.1983 C:0.2602 | ε:0.2694 | Dist(BC):0.2463

--- 実行 36 / 1000 ---
--- プレラン（事前学習）を開始: 15 イテレーション ---
プレラン完了。計算された固定クリッピング閾値 C = 0.106014

=== 実験開始 (A:DP, B:Baseline, C:CKKS) ===
Iter 01 | Loss A:0.2481 B:0.2445 C:0.2712 | ε:0.3126 | Dist(BC):0.0527
Iter 05 | Loss A:0.2223 B:0.2072 C:0.2726 | ε:0.2435 | Dist(BC):0.1732
Iter 10 | Loss A:0.2179 B:0.2003 C:0.2699 | ε:0.2638 | Dist(BC):0.2189
Iter 15 | Loss A:0.2278 B:0.1990 C:0.2659 | ε:0.2765 | Dist(BC):0.2314
Iter 20 | Loss A:0.2189 B:0.1986 C:0.2663 | ε:0.2519 | Dist(BC):0.2411
Iter 25 | Loss A:0.2179 B:0.1984 C:0.2628 | ε:0.2705 | Dist(BC):0.2397
Iter 30 | Loss A:0.2194 B:0.1984 C:0.2612 | ε:0.3066 | Dist(BC):0.2392
Iter 35 | Loss A:0.2165 B:0.1983 C:0.2620 | ε:0.3194 | Dist(BC):0.2422
Iter 40 | Loss A:0.2225 B:0.1983 C:0.2620 | ε:0.3162 | Dist(BC):0.2436
Iter 45 | Loss A:0.2119 B:0.1983 C:0.2630 | ε:0.3047 | Dist(BC):0.2461
Iter 50 | Loss A:0.2152 B:0.1983 C:0.2643 | ε:0.3172 | Dist(BC):0.2496
Iter 55 | Loss A:0.2130 B:0.1983 C:0.2651 | ε:0.3081 | Dist(BC):0.2514
Iter 60 | Loss A:0.2104 B:0.1983 C:0.2652 | ε:0.2954 | Dist(BC):0.2514
Iter 65 | Loss A:0.2095 B:0.1983 C:0.2646 | ε:0.2939 | Dist(BC):0.2499
Iter 70 | Loss A:0.2065 B:0.1983 C:0.2637 | ε:0.2900 | Dist(BC):0.2482
Traceback (most recent call last):
  File "/home/tanaka-lab/s25010/study/ml/run_experiments_overage.py", line 49, in <module>
    main()
  File "/home/tanaka-lab/s25010/study/ml/run_experiments_overage.py", line 19, in main
    metrics = run_experiment(save_plot=False)
              ^^^^^^^^^^^^^^^^^^^^^^^^^^^^^^^
  File "/home/tanaka-lab/s25010/study/ml/main_training.py", line 139, in run_experiment
    ct_weights = client.encrypt(weights_C.flatten().tolist())
                 ^^^^^^^^^^^^^^^^^^^^^^^^^^^^^^^^^^^^^^^^^^^^
  File "/home/tanaka-lab/s25010/study/ml/grpc_client.py", line 21, in encrypt
    res = self.stub.Encrypt(req)
          ^^^^^^^^^^^^^^^^^^^^^^
  File "/home/tanaka-lab/s25010/study/.venv/lib/python3.12/site-packages/grpc/_channel.py", line 1159, in __call__
    return _end_unary_response_blocking(state, call, False, None)
           ^^^^^^^^^^^^^^^^^^^^^^^^^^^^^^^^^^^^^^^^^^^^^^^^^^^^^^
  File "/home/tanaka-lab/s25010/study/.venv/lib/python3.12/site-packages/grpc/_channel.py", line 990, in _end_unary_response_blocking
    raise _InactiveRpcError(state)  # pytype: disable=not-instantiable
    ^^^^^^^^^^^^^^^^^^^^^^^^^^^^^^
grpc._channel._InactiveRpcError: <_InactiveRpcError of RPC that terminated with:
	status = StatusCode.UNAVAILABLE
	details = "Socket closed"
	debug_error_string = "UNKNOWN:Error received from peer  {grpc_status:14, grpc_message:"Socket closed"}"
>
